MST.time,DO.obs,DO.sat,depth,temp.water,light,discharge,site.loc_rep,elev,lat,long,dist.d100,date.time_Q_Z,obsDO.satprct
m/d/yyyy h:mm:ss,mgO2 L^-1,mgO2 L^-1,m,degC,umol m^-2 s^-1,m^3 s^-1,,m,lat n,long w,m,m/d/yyyy h:mm:ss,%
7/3/2019 17:08,7.99,,0.102,11.129,446.295,0.0154,ELKD5_1,1935,44° 55.858' N,110° 26.324' W,70,7/5/2019 11:00,92.064
7/3/2019 17:13,7.996,,0.102,11.138,549.293,0.0154,ELKD5_1,1935,44° 55.858' N,110° 26.324' W,70,7/5/2019 11:00,92.152
7/3/2019 17:18,7.986,,0.102,11.2,652.27,0.0154,ELKD5_1,1935,44° 55.858' N,110° 26.324' W,70,7/5/2019 11:00,92.17
7/3/2019 17:23,7.994,,0.102,11.174,394.807,0.0154,ELKD5_1,1935,44° 55.858' N,110° 26.324' W,70,7/5/2019 11:00,92.206
7/3/2019 17:28,8.002,,0.102,11.048,210.28,0.0154,ELKD5_1,1935,44° 55.858' N,110° 26.324' W,70,7/5/2019 11:00,92.028
7/3/2019 17:33,7.98,,0.102,11.066,201.689,0.0154,ELKD5_1,1935,44° 55.858' N,110° 26.324' W,70,7/5/2019 11:00,91.813
7/3/2019 17:38,8.003,,0.102,11.03,182.373,0.0154,ELKD5_1,1935,44° 55.858' N,110° 26.324' W,70,7/5/2019 11:00,92
7/3/2019 17:43,8.003,,0.102,11.057,583.618,0.0154,ELKD5_1,1935,44° 55.858' N,110° 26.324' W,70,7/5/2019 11:00,92.058
7/3/2019 17:48,7.986,,0.102,11.111,720.942,0.0154,ELKD5_1,1935,44° 55.858' N,110° 26.324' W,70,7/5/2019 11:00,91.979
7/3/2019 17:53,7.985,,0.102,11.12,686.616,0.0154,ELKD5_1,1935,44° 55.858' N,110° 26.324' W,70,7/5/2019 11:00,91.987
7/3/2019 17:58,7.97,,0.102,11.183,652.27,0.0154,ELKD5_1,1935,44° 55.858' N,110° 26.324' W,70,7/5/2019 11:00,91.949
7/3/2019 18:03,7.972,,0.102,11.192,686.616,0.0154,ELKD5_1,1935,44° 55.858' N,110° 26.324' W,70,7/5/2019 11:00,91.991
7/3/2019 18:08,7.959,,0.102,11.209,1235.889,0.0154,ELKD5_1,1935,44° 55.858' N,110° 26.324' W,70,7/5/2019 11:00,91.878
7/3/2019 18:13,7.973,,0.102,11.165,961.262,0.0154,ELKD5_1,1935,44° 55.858' N,110° 26.324' W,70,7/5/2019 11:00,91.945
7/3/2019 18:18,7.956,,0.102,11.183,789.593,0.0154,ELKD5_1,1935,44° 55.858' N,110° 26.324' W,70,7/5/2019 11:00,91.787
7/3/2019 18:23,7.954,,0.102,11.183,1098.565,0.0154,ELKD5_1,1935,44° 55.858' N,110° 26.324' W,70,7/5/2019 11:00,91.764
7/3/2019 18:28,7.967,,0.102,11.138,514.967,0.0154,ELKD5_1,1935,44° 55.858' N,110° 26.324' W,70,7/5/2019 11:00,91.818
7/3/2019 18:33,7.954,,0.102,11.209,583.618,0.0154,ELKD5_1,1935,44° 55.858' N,110° 26.324' W,70,7/5/2019 11:00,91.82
7/3/2019 18:38,7.976,,0.102,11.165,1029.914,0.0154,ELKD5_1,1935,44° 55.858' N,110° 26.324' W,70,7/5/2019 11:00,91.979
7/3/2019 18:43,7.973,,0.102,11.165,1098.565,0.0154,ELKD5_1,1935,44° 55.858' N,110° 26.324' W,70,7/5/2019 11:00,91.945
7/3/2019 18:48,7.965,,0.102,11.2,480.621,0.0154,ELKD5_1,1935,44° 55.858' N,110° 26.324' W,70,7/5/2019 11:00,91.928
7/3/2019 18:53,7.977,,0.102,11.174,394.807,0.0154,ELKD5_1,1935,44° 55.858' N,110° 26.324' W,70,7/5/2019 11:00,92.01
7/3/2019 18:58,7.96,,0.102,11.218,394.807,0.0154,ELKD5_1,1935,44° 55.858' N,110° 26.324' W,70,7/5/2019 11:00,91.908
7/3/2019 19:03,7.967,,0.102,11.165,377.644,0.0154,ELKD5_1,1935,44° 55.858' N,110° 26.324' W,70,7/5/2019 11:00,91.876
7/3/2019 19:08,7.978,,0.102,11.138,549.293,0.0154,ELKD5_1,1935,44° 55.858' N,110° 26.324' W,70,7/5/2019 11:00,91.945
7/3/2019 19:13,7.956,,0.102,11.147,446.295,0.0154,ELKD5_1,1935,44° 55.858' N,110° 26.324' W,70,7/5/2019 11:00,91.71
7/3/2019 19:18,7.991,,0.102,11.048,394.807,0.0154,ELKD5_1,1935,44° 55.858' N,110° 26.324' W,70,7/5/2019 11:00,91.901
7/3/2019 19:23,7.972,,0.102,11.075,394.807,0.0154,ELKD5_1,1935,44° 55.858' N,110° 26.324' W,70,7/5/2019 11:00,91.74
7/3/2019 19:28,7.992,,0.102,11.012,652.27,0.0154,ELKD5_1,1935,44° 55.858' N,110° 26.324' W,70,7/5/2019 11:00,91.835
7/3/2019 19:33,7.976,,0.102,11.003,686.616,0.0154,ELKD5_1,1935,44° 55.858' N,110° 26.324' W,70,7/5/2019 11:00,91.632
7/3/2019 19:38,7.995,,0.102,10.931,961.262,0.0154,ELKD5_1,1935,44° 55.858' N,110° 26.324' W,70,7/5/2019 11:00,91.696
7/3/2019 19:43,7.997,,0.102,10.913,1098.565,0.0154,ELKD5_1,1935,44° 55.858' N,110° 26.324' W,70,7/5/2019 11:00,91.68
7/3/2019 19:48,7.998,,0.102,10.858,652.27,0.0154,ELKD5_1,1935,44° 55.858' N,110° 26.324' W,70,7/5/2019 11:00,91.573
7/3/2019 19:53,8.018,,0.102,10.777,892.591,0.0154,ELKD5_1,1935,44° 55.858' N,110° 26.324' W,70,7/5/2019 11:00,91.628
7/3/2019 19:58,8.016,,0.102,10.759,755.267,0.0154,ELKD5_1,1935,44° 55.858' N,110° 26.324' W,70,7/5/2019 11:00,91.567
7/3/2019 20:03,8.021,,0.102,10.714,497.784,0.0154,ELKD5_1,1935,44° 55.858' N,110° 26.324' W,70,7/5/2019 11:00,91.527
7/3/2019 20:08,8.033,,0.102,10.669,394.807,0.0154,ELKD5_1,1935,44° 55.858' N,110° 26.324' W,70,7/5/2019 11:00,91.567
7/3/2019 20:13,8.032,,0.102,10.66,343.298,0.0154,ELKD5_1,1935,44° 55.858' N,110° 26.324' W,70,7/5/2019 11:00,91.536
7/3/2019 20:18,8.058,,0.102,10.578,858.265,0.0154,ELKD5_1,1935,44° 55.858' N,110° 26.324' W,70,7/5/2019 11:00,91.655
7/3/2019 20:23,8.046,,0.102,10.578,343.298,0.0154,ELKD5_1,1935,44° 55.858' N,110° 26.324' W,70,7/5/2019 11:00,91.519
7/3/2019 20:28,8.068,,0.102,10.497,377.644,0.0154,ELKD5_1,1935,44° 55.858' N,110° 26.324' W,70,7/5/2019 11:00,91.594
7/3/2019 20:33,8.059,,0.102,10.497,411.969,0.0154,ELKD5_1,1935,44° 55.858' N,110° 26.324' W,70,7/5/2019 11:00,91.492
7/3/2019 20:38,8.07,,0.102,10.433,343.298,0.0154,ELKD5_1,1935,44° 55.858' N,110° 26.324' W,70,7/5/2019 11:00,91.478
7/3/2019 20:43,8.075,,0.102,10.406,274.646,0.0154,ELKD5_1,1935,44° 55.858' N,110° 26.324' W,70,7/5/2019 11:00,91.477
7/3/2019 20:48,8.083,,0.102,10.36,167.363,0.0154,ELKD5_1,1935,44° 55.858' N,110° 26.324' W,70,7/5/2019 11:00,91.468
7/3/2019 20:53,8.098,,0.102,10.306,124.446,0.0154,ELKD5_1,1935,44° 55.858' N,110° 26.324' W,70,7/5/2019 11:00,91.521
7/3/2019 20:58,8.109,,0.102,10.279,118.007,0.0154,ELKD5_1,1935,44° 55.858' N,110° 26.324' W,70,7/5/2019 11:00,91.586
7/3/2019 21:03,8.1,,0.102,10.288,165.21,0.0154,ELKD5_1,1935,44° 55.858' N,110° 26.324' W,70,7/5/2019 11:00,91.504
7/3/2019 21:08,8.113,,0.102,10.215,186.679,0.0154,ELKD5_1,1935,44° 55.858' N,110° 26.324' W,70,7/5/2019 11:00,91.493
7/3/2019 21:13,8.107,,0.102,10.224,193.118,0.0154,ELKD5_1,1935,44° 55.858' N,110° 26.324' W,70,7/5/2019 11:00,91.445
7/3/2019 21:18,8.132,,0.102,10.124,137.323,0.0154,ELKD5_1,1935,44° 55.858' N,110° 26.324' W,70,7/5/2019 11:00,91.509
7/3/2019 21:23,8.119,,0.102,10.169,98.692,0.0154,ELKD5_1,1935,44° 55.858' N,110° 26.324' W,70,7/5/2019 11:00,91.461
7/3/2019 21:28,8.128,,0.102,10.115,68.652,0.0154,ELKD5_1,1935,44° 55.858' N,110° 26.324' W,70,7/5/2019 11:00,91.445
7/3/2019 21:33,8.141,,0.102,10.078,53.642,0.0154,ELKD5_1,1935,44° 55.858' N,110° 26.324' W,70,7/5/2019 11:00,91.511
7/3/2019 21:38,8.158,,0.102,10.023,62.233,0.0154,ELKD5_1,1935,44° 55.858' N,110° 26.324' W,70,7/5/2019 11:00,91.582
7/3/2019 21:43,8.159,,0.102,9.978,64.366,0.0154,ELKD5_1,1935,44° 55.858' N,110° 26.324' W,70,7/5/2019 11:00,91.495
7/3/2019 21:48,8.161,,0.102,9.978,57.927,0.0154,ELKD5_1,1935,44° 55.858' N,110° 26.324' W,70,7/5/2019 11:00,91.518
7/3/2019 21:53,8.18,,0.102,9.886,51.489,0.0154,ELKD5_1,1935,44° 55.858' N,110° 26.324' W,70,7/5/2019 11:00,91.53
7/3/2019 21:58,8.166,,0.102,9.932,53.642,0.0154,ELKD5_1,1935,44° 55.858' N,110° 26.324' W,70,7/5/2019 11:00,91.473
7/3/2019 22:03,8.176,,0.102,9.914,55.794,0.0154,ELKD5_1,1935,44° 55.858' N,110° 26.324' W,70,7/5/2019 11:00,91.546
7/3/2019 22:08,8.171,,0.102,9.904,34.326,0.0154,ELKD5_1,1935,44° 55.858' N,110° 26.324' W,70,7/5/2019 11:00,91.468
7/3/2019 22:13,8.19,,0.102,9.859,6.439,0.0154,ELKD5_1,1935,44° 55.858' N,110° 26.324' W,70,7/5/2019 11:00,91.583
7/3/2019 22:18,8.189,,0.102,9.868,2.153,0.0154,ELKD5_1,1935,44° 55.858' N,110° 26.324' W,70,7/5/2019 11:00,91.591
7/3/2019 22:23,8.201,,0.102,9.822,0,0.0154,ELKD5_1,1935,44° 55.858' N,110° 26.324' W,70,7/5/2019 11:00,91.625
7/3/2019 22:28,8.216,,0.102,9.767,0,0.0154,ELKD5_1,1935,44° 55.858' N,110° 26.324' W,70,7/5/2019 11:00,91.672
7/3/2019 22:33,8.205,,0.102,9.795,0,0.0154,ELKD5_1,1935,44° 55.858' N,110° 26.324' W,70,7/5/2019 11:00,91.61
7/3/2019 22:38,8.214,,0.102,9.74,0,0.0154,ELKD5_1,1935,44° 55.858' N,110° 26.324' W,70,7/5/2019 11:00,91.59
7/3/2019 22:43,8.218,,0.102,9.74,0,0.0154,ELKD5_1,1935,44° 55.858' N,110° 26.324' W,70,7/5/2019 11:00,91.635
7/3/2019 22:48,8.215,,0.102,9.749,0,0.0154,ELKD5_1,1935,44° 55.858' N,110° 26.324' W,70,7/5/2019 11:00,91.621
7/3/2019 22:53,8.218,,0.102,9.74,0,0.0154,ELKD5_1,1935,44° 55.858' N,110° 26.324' W,70,7/5/2019 11:00,91.635
7/3/2019 22:58,8.227,,0.102,9.694,0,0.0154,ELKD5_1,1935,44° 55.858' N,110° 26.324' W,70,7/5/2019 11:00,91.635
7/3/2019 23:03,8.228,,0.102,9.685,0,0.0154,ELKD5_1,1935,44° 55.858' N,110° 26.324' W,70,7/5/2019 11:00,91.626
7/3/2019 23:08,8.235,,0.102,9.666,0,0.0154,ELKD5_1,1935,44° 55.858' N,110° 26.324' W,70,7/5/2019 11:00,91.662
7/3/2019 23:13,8.214,,0.102,9.685,0,0.0154,ELKD5_1,1935,44° 55.858' N,110° 26.324' W,70,7/5/2019 11:00,91.47
7/3/2019 23:18,8.224,,0.102,9.648,0,0.0154,ELKD5_1,1935,44° 55.858' N,110° 26.324' W,70,7/5/2019 11:00,91.5
7/3/2019 23:23,8.237,,0.102,9.62,0,0.0154,ELKD5_1,1935,44° 55.858' N,110° 26.324' W,70,7/5/2019 11:00,91.584
7/3/2019 23:28,8.241,,0.102,9.593,0,0.0154,ELKD5_1,1935,44° 55.858' N,110° 26.324' W,70,7/5/2019 11:00,91.569
7/3/2019 23:33,8.248,,0.102,9.583,0,0.0154,ELKD5_1,1935,44° 55.858' N,110° 26.324' W,70,7/5/2019 11:00,91.625
7/3/2019 23:38,8.251,,0.102,9.574,0,0.0154,ELKD5_1,1935,44° 55.858' N,110° 26.324' W,70,7/5/2019 11:00,91.638
7/3/2019 23:43,8.257,,0.102,9.556,0,0.0154,ELKD5_1,1935,44° 55.858' N,110° 26.324' W,70,7/5/2019 11:00,91.665
7/3/2019 23:48,8.259,,0.102,9.537,0,0.0154,ELKD5_1,1935,44° 55.858' N,110° 26.324' W,70,7/5/2019 11:00,91.646
7/3/2019 23:53,8.251,,0.102,9.565,0,0.0154,ELKD5_1,1935,44° 55.858' N,110° 26.324' W,70,7/5/2019 11:00,91.619
7/3/2019 23:58,8.276,,0.102,9.482,0,0.0154,ELKD5_1,1935,44° 55.858' N,110° 26.324' W,70,7/5/2019 11:00,91.713
7/4/2019 0:03,8.246,,0.102,9.556,0,0.0154,ELKD5_1,1935,44° 55.858' N,110° 26.324' W,70,7/5/2019 11:00,91.543
7/4/2019 0:08,8.26,,0.102,9.519,0,0.0154,ELKD5_1,1935,44° 55.858' N,110° 26.324' W,70,7/5/2019 11:00,91.617
7/4/2019 0:13,8.276,,0.102,9.464,0,0.0154,ELKD5_1,1935,44° 55.858' N,110° 26.324' W,70,7/5/2019 11:00,91.674
7/4/2019 0:18,8.285,,0.102,9.455,0,0.0154,ELKD5_1,1935,44° 55.858' N,110° 26.324' W,70,7/5/2019 11:00,91.754
7/4/2019 0:23,8.274,,0.102,9.445,0,0.0154,ELKD5_1,1935,44° 55.858' N,110° 26.324' W,70,7/5/2019 11:00,91.61
7/4/2019 0:28,8.261,,0.102,9.501,0,0.0154,ELKD5_1,1935,44° 55.858' N,110° 26.324' W,70,7/5/2019 11:00,91.589
7/4/2019 0:33,8.265,,0.102,9.455,0,0.0154,ELKD5_1,1935,44° 55.858' N,110° 26.324' W,70,7/5/2019 11:00,91.532
7/4/2019 0:38,8.29,,0.102,9.409,0,0.0154,ELKD5_1,1935,44° 55.858' N,110° 26.324' W,70,7/5/2019 11:00,91.708
7/4/2019 0:43,8.265,,0.102,9.464,0,0.0154,ELKD5_1,1935,44° 55.858' N,110° 26.324' W,70,7/5/2019 11:00,91.552
7/4/2019 0:48,8.296,,0.102,9.362,0,0.0154,ELKD5_1,1935,44° 55.858' N,110° 26.324' W,70,7/5/2019 11:00,91.67
7/4/2019 0:53,8.283,,0.102,9.409,0,0.0154,ELKD5_1,1935,44° 55.858' N,110° 26.324' W,70,7/5/2019 11:00,91.63
7/4/2019 0:58,8.254,,0.102,9.491,0,0.0154,ELKD5_1,1935,44° 55.858' N,110° 26.324' W,70,7/5/2019 11:00,91.489
7/4/2019 1:03,8.269,,0.102,9.427,0,0.0154,ELKD5_1,1935,44° 55.858' N,110° 26.324' W,70,7/5/2019 11:00,91.515
7/4/2019 1:08,8.3,,0.102,9.362,0,0.0154,ELKD5_1,1935,44° 55.858' N,110° 26.324' W,70,7/5/2019 11:00,91.714
7/4/2019 1:13,8.295,,0.102,9.353,0,0.0154,ELKD5_1,1935,44° 55.858' N,110° 26.324' W,70,7/5/2019 11:00,91.639
7/4/2019 1:18,8.298,,0.102,9.372,0,0.0154,ELKD5_1,1935,44° 55.858' N,110° 26.324' W,70,7/5/2019 11:00,91.714
7/4/2019 1:23,8.289,,0.102,9.344,0,0.0154,ELKD5_1,1935,44° 55.858' N,110° 26.324' W,70,7/5/2019 11:00,91.553
7/4/2019 1:28,8.289,,0.102,9.381,0,0.0154,ELKD5_1,1935,44° 55.858' N,110° 26.324' W,70,7/5/2019 11:00,91.635
7/4/2019 1:33,8.303,,0.102,9.307,0,0.0154,ELKD5_1,1935,44° 55.858' N,110° 26.324' W,70,7/5/2019 11:00,91.626
7/4/2019 1:38,8.331,,0.102,9.242,0,0.0154,ELKD5_1,1935,44° 55.858' N,110° 26.324' W,70,7/5/2019 11:00,91.791
7/4/2019 1:43,8.328,,0.102,9.242,0,0.0154,ELKD5_1,1935,44° 55.858' N,110° 26.324' W,70,7/5/2019 11:00,91.758
7/4/2019 1:48,8.318,,0.102,9.27,0,0.0154,ELKD5_1,1935,44° 55.858' N,110° 26.324' W,70,7/5/2019 11:00,91.71
7/4/2019 1:53,8.327,,0.102,9.261,0,0.0154,ELKD5_1,1935,44° 55.858' N,110° 26.324' W,70,7/5/2019 11:00,91.789
7/4/2019 1:58,8.301,,0.102,9.307,0,0.0154,ELKD5_1,1935,44° 55.858' N,110° 26.324' W,70,7/5/2019 11:00,91.604
7/4/2019 2:03,8.313,,0.102,9.279,0,0.0154,ELKD5_1,1935,44° 55.858' N,110° 26.324' W,70,7/5/2019 11:00,91.675
7/4/2019 2:08,8.314,,0.102,9.27,0,0.0154,ELKD5_1,1935,44° 55.858' N,110° 26.324' W,70,7/5/2019 11:00,91.666
7/4/2019 2:13,8.318,,0.102,9.261,0,0.0154,ELKD5_1,1935,44° 55.858' N,110° 26.324' W,70,7/5/2019 11:00,91.69
7/4/2019 2:18,8.34,,0.102,9.233,0,0.0154,ELKD5_1,1935,44° 55.858' N,110° 26.324' W,70,7/5/2019 11:00,91.871
7/4/2019 2:23,8.336,,0.102,9.215,0,0.0154,ELKD5_1,1935,44° 55.858' N,110° 26.324' W,70,7/5/2019 11:00,91.787
7/4/2019 2:28,8.373,,0.102,9.113,0,0.0154,ELKD5_1,1935,44° 55.858' N,110° 26.324' W,70,7/5/2019 11:00,91.967
7/4/2019 2:33,8.315,,0.102,9.252,0,0.0154,ELKD5_1,1935,44° 55.858' N,110° 26.324' W,70,7/5/2019 11:00,91.637
7/4/2019 2:38,8.331,,0.102,9.215,0,0.0154,ELKD5_1,1935,44° 55.858' N,110° 26.324' W,70,7/5/2019 11:00,91.732
7/4/2019 2:43,8.326,,0.102,9.215,0,0.0154,ELKD5_1,1935,44° 55.858' N,110° 26.324' W,70,7/5/2019 11:00,91.677
7/4/2019 2:48,8.356,,0.102,9.113,0,0.0154,ELKD5_1,1935,44° 55.858' N,110° 26.324' W,70,7/5/2019 11:00,91.781
7/4/2019 2:53,8.341,,0.102,9.141,0,0.0154,ELKD5_1,1935,44° 55.858' N,110° 26.324' W,70,7/5/2019 11:00,91.678
7/4/2019 2:58,8.345,,0.102,9.122,0,0.0154,ELKD5_1,1935,44° 55.858' N,110° 26.324' W,70,7/5/2019 11:00,91.68
7/4/2019 3:03,8.343,,0.102,9.122,0,0.0154,ELKD5_1,1935,44° 55.858' N,110° 26.324' W,70,7/5/2019 11:00,91.658
7/4/2019 3:08,8.344,,0.102,9.131,0,0.0154,ELKD5_1,1935,44° 55.858' N,110° 26.324' W,70,7/5/2019 11:00,91.689
7/4/2019 3:13,8.348,,0.102,9.076,0,0.0154,ELKD5_1,1935,44° 55.858' N,110° 26.324' W,70,7/5/2019 11:00,91.611
7/4/2019 3:18,8.368,,0.102,9.011,0,0.0154,ELKD5_1,1935,44° 55.858' N,110° 26.324' W,70,7/5/2019 11:00,91.686
7/4/2019 3:23,8.374,,0.102,8.992,0,0.0154,ELKD5_1,1935,44° 55.858' N,110° 26.324' W,70,7/5/2019 11:00,91.71
7/4/2019 3:28,8.371,,0.102,9.02,0,0.0154,ELKD5_1,1935,44° 55.858' N,110° 26.324' W,70,7/5/2019 11:00,91.739
7/4/2019 3:33,8.374,,0.102,8.992,0,0.0154,ELKD5_1,1935,44° 55.858' N,110° 26.324' W,70,7/5/2019 11:00,91.71
7/4/2019 3:38,8.373,,0.102,9.002,0,0.0154,ELKD5_1,1935,44° 55.858' N,110° 26.324' W,70,7/5/2019 11:00,91.721
7/4/2019 3:43,8.389,,0.102,8.964,0,0.0154,ELKD5_1,1935,44° 55.858' N,110° 26.324' W,70,7/5/2019 11:00,91.812
7/4/2019 3:48,8.37,,0.102,8.992,0,0.0154,ELKD5_1,1935,44° 55.858' N,110° 26.324' W,70,7/5/2019 11:00,91.666
7/4/2019 3:53,8.374,,0.102,9.011,0,0.0154,ELKD5_1,1935,44° 55.858' N,110° 26.324' W,70,7/5/2019 11:00,91.752
7/4/2019 3:58,8.39,,0.102,8.955,0,0.0154,ELKD5_1,1935,44° 55.858' N,110° 26.324' W,70,7/5/2019 11:00,91.802
7/4/2019 4:03,8.393,,0.102,8.937,0,0.0154,ELKD5_1,1935,44° 55.858' N,110° 26.324' W,70,7/5/2019 11:00,91.795
7/4/2019 4:08,8.372,,0.102,9.002,0,0.0154,ELKD5_1,1935,44° 55.858' N,110° 26.324' W,70,7/5/2019 11:00,91.71
7/4/2019 4:13,8.39,,0.102,8.946,0,0.0154,ELKD5_1,1935,44° 55.858' N,110° 26.324' W,70,7/5/2019 11:00,91.782
7/4/2019 4:18,8.399,,0.102,8.899,0,0.0154,ELKD5_1,1935,44° 55.858' N,110° 26.324' W,70,7/5/2019 11:00,91.776
7/4/2019 4:23,8.397,,0.102,8.927,0,0.0154,ELKD5_1,1935,44° 55.858' N,110° 26.324' W,70,7/5/2019 11:00,91.817
7/4/2019 4:28,8.401,,0.102,8.909,0,0.0154,ELKD5_1,1935,44° 55.858' N,110° 26.324' W,70,7/5/2019 11:00,91.82
7/4/2019 4:33,8.404,,0.102,8.872,0,0.0154,ELKD5_1,1935,44° 55.858' N,110° 26.324' W,70,7/5/2019 11:00,91.771
7/4/2019 4:38,8.415,,0.102,8.872,0,0.0154,ELKD5_1,1935,44° 55.858' N,110° 26.324' W,70,7/5/2019 11:00,91.891
7/4/2019 4:43,8.423,,0.102,8.825,0,0.0154,ELKD5_1,1935,44° 55.858' N,110° 26.324' W,70,7/5/2019 11:00,91.873
7/4/2019 4:48,8.409,,0.102,8.834,0,0.0154,ELKD5_1,1935,44° 55.858' N,110° 26.324' W,70,7/5/2019 11:00,91.741
7/4/2019 4:53,8.404,,0.102,8.872,0,0.0154,ELKD5_1,1935,44° 55.858' N,110° 26.324' W,70,7/5/2019 11:00,91.771
7/4/2019 4:58,8.428,,0.102,8.806,0,0.0154,ELKD5_1,1935,44° 55.858' N,110° 26.324' W,70,7/5/2019 11:00,91.886
7/4/2019 5:03,8.407,,0.102,8.825,0,0.0154,ELKD5_1,1935,44° 55.858' N,110° 26.324' W,70,7/5/2019 11:00,91.699
7/4/2019 5:08,8.436,,0.102,8.769,0,0.0154,ELKD5_1,1935,44° 55.858' N,110° 26.324' W,70,7/5/2019 11:00,91.89
7/4/2019 5:13,8.42,,0.102,8.779,0,0.0154,ELKD5_1,1935,44° 55.858' N,110° 26.324' W,70,7/5/2019 11:00,91.738
7/4/2019 5:18,8.449,,0.102,8.713,0,0.0154,ELKD5_1,1935,44° 55.858' N,110° 26.324' W,70,7/5/2019 11:00,91.906
7/4/2019 5:23,8.443,,0.102,8.695,0,0.0154,ELKD5_1,1935,44° 55.858' N,110° 26.324' W,70,7/5/2019 11:00,91.801
7/4/2019 5:28,8.472,,0.102,8.629,0,0.0154,ELKD5_1,1935,44° 55.858' N,110° 26.324' W,70,7/5/2019 11:00,91.968
7/4/2019 5:33,8.452,,0.102,8.648,0,0.0154,ELKD5_1,1935,44° 55.858' N,110° 26.324' W,70,7/5/2019 11:00,91.794
7/4/2019 5:38,8.431,,0.102,8.695,0,0.0154,ELKD5_1,1935,44° 55.858' N,110° 26.324' W,70,7/5/2019 11:00,91.671
7/4/2019 5:43,8.471,,0.102,8.573,0,0.0154,ELKD5_1,1935,44° 55.858' N,110° 26.324' W,70,7/5/2019 11:00,91.832
7/4/2019 5:48,8.476,,0.102,8.536,0,0.0154,ELKD5_1,1935,44° 55.858' N,110° 26.324' W,70,7/5/2019 11:00,91.803
7/4/2019 5:53,8.454,,0.102,8.573,0,0.0154,ELKD5_1,1935,44° 55.858' N,110° 26.324' W,70,7/5/2019 11:00,91.648
7/4/2019 5:58,8.491,,0.102,8.48,0,0.0154,ELKD5_1,1935,44° 55.858' N,110° 26.324' W,70,7/5/2019 11:00,91.84
7/4/2019 6:03,8.504,,0.102,8.452,0,0.0154,ELKD5_1,1935,44° 55.858' N,110° 26.324' W,70,7/5/2019 11:00,91.918
7/4/2019 6:08,8.502,,0.102,8.433,0,0.0154,ELKD5_1,1935,44° 55.858' N,110° 26.324' W,70,7/5/2019 11:00,91.854
7/4/2019 6:13,8.513,,0.102,8.367,0,0.0154,ELKD5_1,1935,44° 55.858' N,110° 26.324' W,70,7/5/2019 11:00,91.824
7/4/2019 6:18,8.525,,0.102,8.367,0,0.0154,ELKD5_1,1935,44° 55.858' N,110° 26.324' W,70,7/5/2019 11:00,91.954
7/4/2019 6:23,8.522,,0.102,8.367,0,0.0154,ELKD5_1,1935,44° 55.858' N,110° 26.324' W,70,7/5/2019 11:00,91.921
7/4/2019 6:28,8.512,,0.102,8.358,2.153,0.0154,ELKD5_1,1935,44° 55.858' N,110° 26.324' W,70,7/5/2019 11:00,91.793
7/4/2019 6:33,8.528,,0.102,8.311,6.439,0.0154,ELKD5_1,1935,44° 55.858' N,110° 26.324' W,70,7/5/2019 11:00,91.86
7/4/2019 6:38,8.529,,0.102,8.321,12.877,0.0154,ELKD5_1,1935,44° 55.858' N,110° 26.324' W,70,7/5/2019 11:00,91.893
7/4/2019 6:43,8.537,,0.102,8.302,17.163,0.0154,ELKD5_1,1935,44° 55.858' N,110° 26.324' W,70,7/5/2019 11:00,91.936
7/4/2019 6:48,8.551,,0.102,8.245,25.754,0.0154,ELKD5_1,1935,44° 55.858' N,110° 26.324' W,70,7/5/2019 11:00,91.959
7/4/2019 6:53,8.553,,0.102,8.236,34.326,0.0154,ELKD5_1,1935,44° 55.858' N,110° 26.324' W,70,7/5/2019 11:00,91.96
7/4/2019 6:58,8.557,,0.102,8.245,55.794,0.0154,ELKD5_1,1935,44° 55.858' N,110° 26.324' W,70,7/5/2019 11:00,92.023
7/4/2019 7:03,8.558,,0.102,8.245,62.233,0.0154,ELKD5_1,1935,44° 55.858' N,110° 26.324' W,70,7/5/2019 11:00,92.034
7/4/2019 7:08,8.564,,0.102,8.236,68.652,0.0154,ELKD5_1,1935,44° 55.858' N,110° 26.324' W,70,7/5/2019 11:00,92.078
7/4/2019 7:13,8.555,,0.102,8.255,90.12,0.0154,ELKD5_1,1935,44° 55.858' N,110° 26.324' W,70,7/5/2019 11:00,92.024
7/4/2019 7:18,8.553,,0.102,8.264,87.967,0.0154,ELKD5_1,1935,44° 55.858' N,110° 26.324' W,70,7/5/2019 11:00,92.023
7/4/2019 7:23,8.568,,0.102,8.236,98.692,0.0154,ELKD5_1,1935,44° 55.858' N,110° 26.324' W,70,7/5/2019 11:00,92.121
7/4/2019 7:28,8.559,,0.102,8.274,111.569,0.0154,ELKD5_1,1935,44° 55.858' N,110° 26.324' W,70,7/5/2019 11:00,92.11
7/4/2019 7:33,8.567,,0.102,8.274,130.885,0.0154,ELKD5_1,1935,44° 55.858' N,110° 26.324' W,70,7/5/2019 11:00,92.196
7/4/2019 7:38,8.571,,0.102,8.274,128.732,0.0154,ELKD5_1,1935,44° 55.858' N,110° 26.324' W,70,7/5/2019 11:00,92.239
7/4/2019 7:43,8.552,,0.102,8.302,137.323,0.0154,ELKD5_1,1935,44° 55.858' N,110° 26.324' W,70,7/5/2019 11:00,92.098
7/4/2019 7:48,8.553,,0.102,8.33,150.2,0.0154,ELKD5_1,1935,44° 55.858' N,110° 26.324' W,70,7/5/2019 11:00,92.172
7/4/2019 7:53,8.544,,0.102,8.367,154.486,0.0154,ELKD5_1,1935,44° 55.858' N,110° 26.324' W,70,7/5/2019 11:00,92.158
7/4/2019 7:58,8.549,,0.102,8.358,148.047,0.0154,ELKD5_1,1935,44° 55.858' N,110° 26.324' W,70,7/5/2019 11:00,92.192
7/4/2019 8:03,8.559,,0.102,8.396,158.772,0.0154,ELKD5_1,1935,44° 55.858' N,110° 26.324' W,70,7/5/2019 11:00,92.386
7/4/2019 8:08,8.553,,0.102,8.452,180.24,0.0154,ELKD5_1,1935,44° 55.858' N,110° 26.324' W,70,7/5/2019 11:00,92.448
7/4/2019 8:13,8.546,,0.102,8.489,197.403,0.0154,ELKD5_1,1935,44° 55.858' N,110° 26.324' W,70,7/5/2019 11:00,92.455
7/4/2019 8:18,8.507,,0.102,8.564,203.842,0.0154,ELKD5_1,1935,44° 55.858' N,110° 26.324' W,70,7/5/2019 11:00,92.202
7/4/2019 8:23,8.561,,0.102,8.442,251.045,0.0154,ELKD5_1,1935,44° 55.858' N,110° 26.324' W,70,7/5/2019 11:00,92.511
7/4/2019 8:28,8.538,,0.102,8.433,268.208,0.0154,ELKD5_1,1935,44° 55.858' N,110° 26.324' W,70,7/5/2019 11:00,92.243
7/4/2019 8:33,8.548,,0.102,8.442,291.809,0.0154,ELKD5_1,1935,44° 55.858' N,110° 26.324' W,70,7/5/2019 11:00,92.371
7/4/2019 8:38,8.521,,0.102,8.517,1235.889,0.0154,ELKD5_1,1935,44° 55.858' N,110° 26.324' W,70,7/5/2019 11:00,92.248
7/4/2019 8:43,8.509,,0.102,8.564,411.969,0.0154,ELKD5_1,1935,44° 55.858' N,110° 26.324' W,70,7/5/2019 11:00,92.224
7/4/2019 8:48,8.533,,0.102,8.545,532.13,0.0154,ELKD5_1,1935,44° 55.858' N,110° 26.324' W,70,7/5/2019 11:00,92.441
7/4/2019 8:53,8.502,,0.102,8.611,686.616,0.0154,ELKD5_1,1935,44° 55.858' N,110° 26.324' W,70,7/5/2019 11:00,92.254
7/4/2019 8:58,8.491,,0.102,8.657,1029.914,0.0154,ELKD5_1,1935,44° 55.858' N,110° 26.324' W,70,7/5/2019 11:00,92.238
7/4/2019 9:03,8.505,,0.102,8.639,17577.205,0.0154,ELKD5_1,1935,44° 55.858' N,110° 26.324' W,70,7/5/2019 11:00,92.349
7/4/2019 9:08,8.5,,0.102,8.676,2471.797,0.0154,ELKD5_1,1935,44° 55.858' N,110° 26.324' W,70,7/5/2019 11:00,92.378
7/4/2019 9:13,8.495,,0.102,8.723,4119.655,0.0154,ELKD5_1,1935,44° 55.858' N,110° 26.324' W,70,7/5/2019 11:00,92.429
7/4/2019 9:18,8.475,,0.102,8.788,6316.806,0.0154,ELKD5_1,1935,44° 55.858' N,110° 26.324' W,70,7/5/2019 11:00,92.358
7/4/2019 9:23,8.479,,0.102,8.797,8239.31,0.0154,ELKD5_1,1935,44° 55.858' N,110° 26.324' W,70,7/5/2019 11:00,92.421
7/4/2019 9:28,8.451,,0.102,8.899,446.295,0.0154,ELKD5_1,1935,44° 55.858' N,110° 26.324' W,70,7/5/2019 11:00,92.345
7/4/2019 9:33,8.452,,0.102,8.937,686.616,0.0154,ELKD5_1,1935,44° 55.858' N,110° 26.324' W,70,7/5/2019 11:00,92.441
7/4/2019 9:38,8.446,,0.102,8.974,360.461,0.0154,ELKD5_1,1935,44° 55.858' N,110° 26.324' W,70,7/5/2019 11:00,92.458
7/4/2019 9:43,8.408,,0.102,9.094,1304.56,0.0154,ELKD5_1,1935,44° 55.858' N,110° 26.324' W,70,7/5/2019 11:00,92.309
7/4/2019 9:48,8.427,,0.102,9.168,823.939,0.0154,ELKD5_1,1935,44° 55.858' N,110° 26.324' W,70,7/5/2019 11:00,92.683
7/4/2019 9:53,8.396,,0.102,9.335,926.916,0.0154,ELKD5_1,1935,44° 55.858' N,110° 26.324' W,70,7/5/2019 11:00,92.715
7/4/2019 9:58,8.348,,0.102,9.482,617.944,0.0154,ELKD5_1,1935,44° 55.858' N,110° 26.324' W,70,7/5/2019 11:00,92.511
7/4/2019 10:03,8.372,,0.102,9.473,326.135,0.0154,ELKD5_1,1935,44° 55.858' N,110° 26.324' W,70,7/5/2019 11:00,92.757
7/4/2019 10:08,8.326,,0.102,9.602,360.461,0.0154,ELKD5_1,1935,44° 55.858' N,110° 26.324' W,70,7/5/2019 11:00,92.533
7/4/2019 10:13,8.333,,0.102,9.583,411.969,0.0154,ELKD5_1,1935,44° 55.858' N,110° 26.324' W,70,7/5/2019 11:00,92.569
7/4/2019 10:18,8.342,,0.102,9.629,291.809,0.0154,ELKD5_1,1935,44° 55.858' N,110° 26.324' W,70,7/5/2019 11:00,92.771
7/4/2019 10:23,8.308,,0.102,9.776,343.298,0.0154,ELKD5_1,1935,44° 55.858' N,110° 26.324' W,70,7/5/2019 11:00,92.718
7/4/2019 10:28,8.275,,0.102,9.886,343.298,0.0154,ELKD5_1,1935,44° 55.858' N,110° 26.324' W,70,7/5/2019 11:00,92.593
7/4/2019 10:33,8.288,,0.102,9.84,789.593,0.0154,ELKD5_1,1935,44° 55.858' N,110° 26.324' W,70,7/5/2019 11:00,92.637
7/4/2019 10:38,8.277,,0.102,9.886,377.644,0.0154,ELKD5_1,1935,44° 55.858' N,110° 26.324' W,70,7/5/2019 11:00,92.615
7/4/2019 10:43,8.268,,0.102,9.959,549.293,0.0154,ELKD5_1,1935,44° 55.858' N,110° 26.324' W,70,7/5/2019 11:00,92.675
7/4/2019 10:48,8.25,,0.102,10.124,6866.098,0.0154,ELKD5_1,1935,44° 55.858' N,110° 26.324' W,70,7/5/2019 11:00,92.837
7/4/2019 10:53,8.241,,0.102,10.151,6866.098,0.0154,ELKD5_1,1935,44° 55.858' N,110° 26.324' W,70,7/5/2019 11:00,92.795
7/4/2019 10:58,8.211,,0.102,10.279,9887.168,0.0154,ELKD5_1,1935,44° 55.858' N,110° 26.324' W,70,7/5/2019 11:00,92.738
7/4/2019 11:03,8.214,,0.102,10.279,15929.327,0.0154,ELKD5_1,1935,44° 55.858' N,110° 26.324' W,70,7/5/2019 11:00,92.772
7/4/2019 11:08,8.182,,0.102,10.406,2197.151,0.0154,ELKD5_1,1935,44° 55.858' N,110° 26.324' W,70,7/5/2019 11:00,92.689
7/4/2019 11:13,8.17,,0.102,10.469,4119.655,0.0154,ELKD5_1,1935,44° 55.858' N,110° 26.324' W,70,7/5/2019 11:00,92.691
7/4/2019 11:18,8.156,,0.102,10.542,7964.664,0.0154,ELKD5_1,1935,44° 55.858' N,110° 26.324' W,70,7/5/2019 11:00,92.691
7/4/2019 11:23,8.131,,0.102,10.623,3021.09,0.0154,ELKD5_1,1935,44° 55.858' N,110° 26.324' W,70,7/5/2019 11:00,92.584
7/4/2019 11:28,8.116,,0.102,10.732,4256.978,0.0154,ELKD5_1,1935,44° 55.858' N,110° 26.324' W,70,7/5/2019 11:00,92.65
7/4/2019 11:33,8.119,,0.102,10.732,30760.089,0.0154,ELKD5_1,1935,44° 55.858' N,110° 26.324' W,70,7/5/2019 11:00,92.684
7/4/2019 11:38,8.094,,0.102,10.867,2334.474,0.0154,ELKD5_1,1935,44° 55.858' N,110° 26.324' W,70,7/5/2019 11:00,92.692
7/4/2019 11:43,8.094,,0.102,10.831,858.265,0.0154,ELKD5_1,1935,44° 55.858' N,110° 26.324' W,70,7/5/2019 11:00,92.614
7/4/2019 11:48,8.066,,0.102,10.949,926.916,0.0154,ELKD5_1,1935,44° 55.858' N,110° 26.324' W,70,7/5/2019 11:00,92.549
7/4/2019 11:53,8.072,,0.102,10.967,858.265,0.0154,ELKD5_1,1935,44° 55.858' N,110° 26.324' W,70,7/5/2019 11:00,92.657
7/4/2019 11:58,8.043,,0.102,11.093,1441.883,0.0154,ELKD5_1,1935,44° 55.858' N,110° 26.324' W,70,7/5/2019 11:00,92.596
7/4/2019 12:03,8.036,,0.102,11.102,961.262,0.0154,ELKD5_1,1935,44° 55.858' N,110° 26.324' W,70,7/5/2019 11:00,92.535
7/4/2019 12:08,8.039,,0.102,11.084,1235.889,0.0154,ELKD5_1,1935,44° 55.858' N,110° 26.324' W,70,7/5/2019 11:00,92.531
7/4/2019 12:13,8.047,,0.102,11.102,1098.565,0.0154,ELKD5_1,1935,44° 55.858' N,110° 26.324' W,70,7/5/2019 11:00,92.662
7/4/2019 12:18,8.04,,0.102,11.12,892.591,0.0154,ELKD5_1,1935,44° 55.858' N,110° 26.324' W,70,7/5/2019 11:00,92.62
7/4/2019 12:23,8.026,,0.102,11.12,686.616,0.0154,ELKD5_1,1935,44° 55.858' N,110° 26.324' W,70,7/5/2019 11:00,92.459
7/4/2019 12:28,8.004,,0.102,11.174,995.588,0.0154,ELKD5_1,1935,44° 55.858' N,110° 26.324' W,70,7/5/2019 11:00,92.322
7/4/2019 12:33,8.029,,0.102,11.183,4119.655,0.0154,ELKD5_1,1935,44° 55.858' N,110° 26.324' W,70,7/5/2019 11:00,92.63
7/4/2019 12:38,8.004,,0.102,11.263,2197.151,0.0154,ELKD5_1,1935,44° 55.858' N,110° 26.324' W,70,7/5/2019 11:00,92.513
7/4/2019 12:43,8.01,,0.102,11.335,2746.443,0.0154,ELKD5_1,1935,44° 55.858' N,110° 26.324' W,70,7/5/2019 11:00,92.738
7/4/2019 12:48,7.987,,0.102,11.443,583.618,0.0154,ELKD5_1,1935,44° 55.858' N,110° 26.324' W,70,7/5/2019 11:00,92.704
7/4/2019 12:53,7.973,,0.102,11.469,1304.56,0.0154,ELKD5_1,1935,44° 55.858' N,110° 26.324' W,70,7/5/2019 11:00,92.597
7/4/2019 12:58,7.981,,0.102,11.434,720.942,0.0154,ELKD5_1,1935,44° 55.858' N,110° 26.324' W,70,7/5/2019 11:00,92.615
7/4/2019 13:03,7.974,,0.102,11.469,1235.889,0.0154,ELKD5_1,1935,44° 55.858' N,110° 26.324' W,70,7/5/2019 11:00,92.609
7/4/2019 13:08,7.981,,0.102,11.443,1510.535,0.0154,ELKD5_1,1935,44° 55.858' N,110° 26.324' W,70,7/5/2019 11:00,92.634
7/4/2019 13:13,7.972,,0.102,11.541,1235.889,0.0154,ELKD5_1,1935,44° 55.858' N,110° 26.324' W,70,7/5/2019 11:00,92.74
7/4/2019 13:18,7.963,,0.102,11.648,1441.883,0.0154,ELKD5_1,1935,44° 55.858' N,110° 26.324' W,70,7/5/2019 11:00,92.865
7/4/2019 13:23,7.932,,0.102,11.8,823.939,0.0154,ELKD5_1,1935,44° 55.858' N,110° 26.324' W,70,7/5/2019 11:00,92.829
7/4/2019 13:28,7.906,,0.102,11.871,1235.889,0.0154,ELKD5_1,1935,44° 55.858' N,110° 26.324' W,70,7/5/2019 11:00,92.677
7/4/2019 13:33,7.885,,0.102,11.916,926.916,0.0154,ELKD5_1,1935,44° 55.858' N,110° 26.324' W,70,7/5/2019 11:00,92.526
7/4/2019 13:38,7.901,,0.102,11.924,652.27,0.0154,ELKD5_1,1935,44° 55.858' N,110° 26.324' W,70,7/5/2019 11:00,92.731
7/4/2019 13:43,7.874,,0.102,12.04,926.916,0.0154,ELKD5_1,1935,44° 55.858' N,110° 26.324' W,70,7/5/2019 11:00,92.661
7/4/2019 13:48,7.85,,0.102,12.067,463.458,0.0154,ELKD5_1,1935,44° 55.858' N,110° 26.324' W,70,7/5/2019 11:00,92.436
7/4/2019 13:53,7.858,,0.102,12.013,789.593,0.0154,ELKD5_1,1935,44° 55.858' N,110° 26.324' W,70,7/5/2019 11:00,92.415
7/4/2019 13:58,7.844,,0.102,12.111,1235.889,0.0154,ELKD5_1,1935,44° 55.858' N,110° 26.324' W,70,7/5/2019 11:00,92.459
7/4/2019 14:03,7.835,,0.102,12.129,858.265,0.0154,ELKD5_1,1935,44° 55.858' N,110° 26.324' W,70,7/5/2019 11:00,92.391
7/4/2019 14:08,7.823,,0.102,12.235,1064.24,0.0154,ELKD5_1,1935,44° 55.858' N,110° 26.324' W,70,7/5/2019 11:00,92.474
7/4/2019 14:13,7.82,,0.102,12.217,617.944,0.0154,ELKD5_1,1935,44° 55.858' N,110° 26.324' W,70,7/5/2019 11:00,92.4
7/4/2019 14:18,7.818,,0.102,12.306,1029.914,0.0154,ELKD5_1,1935,44° 55.858' N,110° 26.324' W,70,7/5/2019 11:00,92.565
7/4/2019 14:23,7.817,,0.102,12.35,892.591,0.0154,ELKD5_1,1935,44° 55.858' N,110° 26.324' W,70,7/5/2019 11:00,92.646
7/4/2019 14:28,7.811,,0.102,12.386,617.944,0.0154,ELKD5_1,1935,44° 55.858' N,110° 26.324' W,70,7/5/2019 11:00,92.651
7/4/2019 14:33,7.788,,0.102,12.421,926.916,0.0154,ELKD5_1,1935,44° 55.858' N,110° 26.324' W,70,7/5/2019 11:00,92.452
7/4/2019 14:38,7.781,,0.102,12.412,583.618,0.0154,ELKD5_1,1935,44° 55.858' N,110° 26.324' W,70,7/5/2019 11:00,92.35
7/4/2019 14:43,7.797,,0.102,12.368,377.644,0.0154,ELKD5_1,1935,44° 55.858' N,110° 26.324' W,70,7/5/2019 11:00,92.447
7/4/2019 14:48,7.801,,0.102,12.377,755.267,0.0154,ELKD5_1,1935,44° 55.858' N,110° 26.324' W,70,7/5/2019 11:00,92.514
7/4/2019 14:53,7.781,,0.102,12.439,789.593,0.0154,ELKD5_1,1935,44° 55.858' N,110° 26.324' W,70,7/5/2019 11:00,92.407
7/4/2019 14:58,7.775,,0.102,12.527,1029.914,0.0154,ELKD5_1,1935,44° 55.858' N,110° 26.324' W,70,7/5/2019 11:00,92.521
7/4/2019 15:03,7.781,,0.102,12.536,1098.565,0.0154,ELKD5_1,1935,44° 55.858' N,110° 26.324' W,70,7/5/2019 11:00,92.612
7/4/2019 15:08,7.743,,0.102,12.562,720.942,0.0154,ELKD5_1,1935,44° 55.858' N,110° 26.324' W,70,7/5/2019 11:00,92.214
7/4/2019 15:13,7.77,,0.102,12.562,343.298,0.0154,ELKD5_1,1935,44° 55.858' N,110° 26.324' W,70,7/5/2019 11:00,92.536
7/4/2019 15:18,7.751,,0.102,12.598,720.942,0.0154,ELKD5_1,1935,44° 55.858' N,110° 26.324' W,70,7/5/2019 11:00,92.385
7/4/2019 15:23,7.736,,0.102,12.659,995.588,0.0154,ELKD5_1,1935,44° 55.858' N,110° 26.324' W,70,7/5/2019 11:00,92.334
7/4/2019 15:28,7.737,,0.102,12.659,446.295,0.0154,ELKD5_1,1935,44° 55.858' N,110° 26.324' W,70,7/5/2019 11:00,92.346
7/4/2019 15:33,7.737,,0.102,12.695,789.593,0.0154,ELKD5_1,1935,44° 55.858' N,110° 26.324' W,70,7/5/2019 11:00,92.422
7/4/2019 15:38,7.734,,0.102,12.712,755.267,0.0154,ELKD5_1,1935,44° 55.858' N,110° 26.324' W,70,7/5/2019 11:00,92.422
7/4/2019 15:43,7.725,,0.102,12.748,995.588,0.0154,ELKD5_1,1935,44° 55.858' N,110° 26.324' W,70,7/5/2019 11:00,92.39
7/4/2019 15:48,7.701,,0.102,12.818,720.942,0.0154,ELKD5_1,1935,44° 55.858' N,110° 26.324' W,70,7/5/2019 11:00,92.249
7/4/2019 15:53,7.721,,0.102,12.659,652.27,0.0154,ELKD5_1,1935,44° 55.858' N,110° 26.324' W,70,7/5/2019 11:00,92.155
7/4/2019 15:58,7.723,,0.102,12.677,652.27,0.0154,ELKD5_1,1935,44° 55.858' N,110° 26.324' W,70,7/5/2019 11:00,92.217
7/4/2019 16:03,7.701,,0.102,12.774,549.293,0.0154,ELKD5_1,1935,44° 55.858' N,110° 26.324' W,70,7/5/2019 11:00,92.157
7/4/2019 16:08,7.712,,0.102,12.756,583.618,0.0154,ELKD5_1,1935,44° 55.858' N,110° 26.324' W,70,7/5/2019 11:00,92.251
7/4/2019 16:13,7.702,,0.102,12.827,291.809,0.0154,ELKD5_1,1935,44° 55.858' N,110° 26.324' W,70,7/5/2019 11:00,92.28
7/4/2019 16:18,7.713,,0.102,12.8,617.944,0.0154,ELKD5_1,1935,44° 55.858' N,110° 26.324' W,70,7/5/2019 11:00,92.355
7/4/2019 16:23,7.714,,0.102,12.774,617.944,0.0154,ELKD5_1,1935,44° 55.858' N,110° 26.324' W,70,7/5/2019 11:00,92.313
7/4/2019 16:28,7.713,,0.102,12.8,583.618,0.0154,ELKD5_1,1935,44° 55.858' N,110° 26.324' W,70,7/5/2019 11:00,92.355
7/4/2019 16:33,7.696,,0.102,12.853,514.967,0.0154,ELKD5_1,1935,44° 55.858' N,110° 26.324' W,70,7/5/2019 11:00,92.262
7/4/2019 16:38,7.7,,0.102,12.774,446.295,0.0154,ELKD5_1,1935,44° 55.858' N,110° 26.324' W,70,7/5/2019 11:00,92.145
7/4/2019 16:43,7.707,,0.102,12.756,411.969,0.0154,ELKD5_1,1935,44° 55.858' N,110° 26.324' W,70,7/5/2019 11:00,92.191
7/4/2019 16:48,7.72,,0.102,12.73,411.969,0.0154,ELKD5_1,1935,44° 55.858' N,110° 26.324' W,70,7/5/2019 11:00,92.292
7/4/2019 16:53,7.715,,0.102,12.712,165.21,0.0154,ELKD5_1,1935,44° 55.858' N,110° 26.324' W,70,7/5/2019 11:00,92.195
7/4/2019 16:58,7.732,,0.102,12.704,514.967,0.0154,ELKD5_1,1935,44° 55.858' N,110° 26.324' W,70,7/5/2019 11:00,92.381
7/4/2019 17:03,7.71,,0.102,12.748,532.13,0.0154,ELKD5_1,1935,44° 55.858' N,110° 26.324' W,70,7/5/2019 11:00,92.21
7/4/2019 17:08,7.718,,0.102,12.748,652.27,0.0154,ELKD5_1,1935,44° 55.858' N,110° 26.324' W,70,7/5/2019 11:00,92.306
7/4/2019 17:13,7.718,,0.102,12.756,583.618,0.0154,ELKD5_1,1935,44° 55.858' N,110° 26.324' W,70,7/5/2019 11:00,92.323
7/4/2019 17:18,7.714,,0.102,12.739,532.13,0.0154,ELKD5_1,1935,44° 55.858' N,110° 26.324' W,70,7/5/2019 11:00,92.239
7/4/2019 17:23,7.702,,0.102,12.765,480.621,0.0154,ELKD5_1,1935,44° 55.858' N,110° 26.324' W,70,7/5/2019 11:00,92.15
7/4/2019 17:28,7.712,,0.102,12.668,617.944,0.0154,ELKD5_1,1935,44° 55.858' N,110° 26.324' W,70,7/5/2019 11:00,92.067
7/4/2019 17:33,7.727,,0.102,12.598,514.967,0.0154,ELKD5_1,1935,44° 55.858' N,110° 26.324' W,70,7/5/2019 11:00,92.099
7/4/2019 17:38,7.733,,0.102,12.562,394.807,0.0154,ELKD5_1,1935,44° 55.858' N,110° 26.324' W,70,7/5/2019 11:00,92.095
7/4/2019 17:43,7.749,,0.102,12.518,446.295,0.0154,ELKD5_1,1935,44° 55.858' N,110° 26.324' W,70,7/5/2019 11:00,92.193
7/4/2019 17:48,7.741,,0.102,12.527,463.458,0.0154,ELKD5_1,1935,44° 55.858' N,110° 26.324' W,70,7/5/2019 11:00,92.117
7/4/2019 17:53,7.742,,0.102,12.509,686.616,0.0154,ELKD5_1,1935,44° 55.858' N,110° 26.324' W,70,7/5/2019 11:00,92.091
7/4/2019 17:58,7.752,,0.102,12.439,755.267,0.0154,ELKD5_1,1935,44° 55.858' N,110° 26.324' W,70,7/5/2019 11:00,92.063
7/4/2019 18:03,7.759,,0.102,12.421,961.262,0.0154,ELKD5_1,1935,44° 55.858' N,110° 26.324' W,70,7/5/2019 11:00,92.108
7/4/2019 18:08,7.749,,0.102,12.43,926.916,0.0154,ELKD5_1,1935,44° 55.858' N,110° 26.324' W,70,7/5/2019 11:00,92.008
7/4/2019 18:13,7.755,,0.102,12.377,1064.24,0.0154,ELKD5_1,1935,44° 55.858' N,110° 26.324' W,70,7/5/2019 11:00,91.968
7/4/2019 18:18,7.768,,0.102,12.297,720.942,0.0154,ELKD5_1,1935,44° 55.858' N,110° 26.324' W,70,7/5/2019 11:00,91.954
7/4/2019 18:23,7.781,,0.102,12.217,720.942,0.0154,ELKD5_1,1935,44° 55.858' N,110° 26.324' W,70,7/5/2019 11:00,91.939
7/4/2019 18:28,7.779,,0.102,12.226,514.967,0.0154,ELKD5_1,1935,44° 55.858' N,110° 26.324' W,70,7/5/2019 11:00,91.935
7/4/2019 18:33,7.785,,0.102,12.173,583.618,0.0154,ELKD5_1,1935,44° 55.858' N,110° 26.324' W,70,7/5/2019 11:00,91.894
7/4/2019 18:38,7.817,,0.102,12.058,686.616,0.0154,ELKD5_1,1935,44° 55.858' N,110° 26.324' W,70,7/5/2019 11:00,92.028
7/4/2019 18:43,7.803,,0.102,12.058,583.618,0.0154,ELKD5_1,1935,44° 55.858' N,110° 26.324' W,70,7/5/2019 11:00,91.864
7/4/2019 18:48,7.822,,0.102,12.004,686.616,0.0154,ELKD5_1,1935,44° 55.858' N,110° 26.324' W,70,7/5/2019 11:00,91.973
7/4/2019 18:53,7.817,,0.102,12.04,617.944,0.0154,ELKD5_1,1935,44° 55.858' N,110° 26.324' W,70,7/5/2019 11:00,91.99
7/4/2019 18:58,7.825,,0.102,11.987,583.618,0.0154,ELKD5_1,1935,44° 55.858' N,110° 26.324' W,70,7/5/2019 11:00,91.972
7/4/2019 19:03,7.838,,0.102,11.951,377.644,0.0154,ELKD5_1,1935,44° 55.858' N,110° 26.324' W,70,7/5/2019 11:00,92.049
7/4/2019 19:08,7.861,,0.102,11.871,463.458,0.0154,ELKD5_1,1935,44° 55.858' N,110° 26.324' W,70,7/5/2019 11:00,92.149
7/4/2019 19:13,7.846,,0.102,11.907,583.618,0.0154,ELKD5_1,1935,44° 55.858' N,110° 26.324' W,70,7/5/2019 11:00,92.05
7/4/2019 19:18,7.848,,0.102,11.871,514.967,0.0154,ELKD5_1,1935,44° 55.858' N,110° 26.324' W,70,7/5/2019 11:00,91.997
7/4/2019 19:23,7.851,,0.102,11.853,720.942,0.0154,ELKD5_1,1935,44° 55.858' N,110° 26.324' W,70,7/5/2019 11:00,91.994
7/4/2019 19:28,7.862,,0.102,11.809,686.616,0.0154,ELKD5_1,1935,44° 55.858' N,110° 26.324' W,70,7/5/2019 11:00,92.029
7/4/2019 19:33,7.858,,0.102,11.755,583.618,0.0154,ELKD5_1,1935,44° 55.858' N,110° 26.324' W,70,7/5/2019 11:00,91.868
7/4/2019 19:38,7.852,,0.102,11.737,583.618,0.0154,ELKD5_1,1935,44° 55.858' N,110° 26.324' W,70,7/5/2019 11:00,91.76
7/4/2019 19:43,7.863,,0.102,11.666,652.27,0.0154,ELKD5_1,1935,44° 55.858' N,110° 26.324' W,70,7/5/2019 11:00,91.737
7/4/2019 19:48,7.877,,0.102,11.604,686.616,0.0154,ELKD5_1,1935,44° 55.858' N,110° 26.324' W,70,7/5/2019 11:00,91.769
7/4/2019 19:53,7.901,,0.102,11.514,755.267,0.0154,ELKD5_1,1935,44° 55.858' N,110° 26.324' W,70,7/5/2019 11:00,91.857
7/4/2019 19:58,7.893,,0.102,11.523,789.593,0.0154,ELKD5_1,1935,44° 55.858' N,110° 26.324' W,70,7/5/2019 11:00,91.783
7/4/2019 20:03,7.909,,0.102,11.469,789.593,0.0154,ELKD5_1,1935,44° 55.858' N,110° 26.324' W,70,7/5/2019 11:00,91.854
7/4/2019 20:08,7.896,,0.102,11.487,755.267,0.0154,ELKD5_1,1935,44° 55.858' N,110° 26.324' W,70,7/5/2019 11:00,91.741
7/4/2019 20:13,7.914,,0.102,11.407,755.267,0.0154,ELKD5_1,1935,44° 55.858' N,110° 26.324' W,70,7/5/2019 11:00,91.78
7/4/2019 20:18,7.919,,0.102,11.353,720.942,0.0154,ELKD5_1,1935,44° 55.858' N,110° 26.324' W,70,7/5/2019 11:00,91.723
7/4/2019 20:23,7.922,,0.102,11.344,652.27,0.0154,ELKD5_1,1935,44° 55.858' N,110° 26.324' W,70,7/5/2019 11:00,91.738
7/4/2019 20:28,7.906,,0.102,11.344,652.27,0.0154,ELKD5_1,1935,44° 55.858' N,110° 26.324' W,70,7/5/2019 11:00,91.553
7/4/2019 20:33,7.934,,0.102,11.245,480.621,0.0154,ELKD5_1,1935,44° 55.858' N,110° 26.324' W,70,7/5/2019 11:00,91.666
7/4/2019 20:38,7.944,,0.102,11.192,411.969,0.0154,ELKD5_1,1935,44° 55.858' N,110° 26.324' W,70,7/5/2019 11:00,91.668
7/4/2019 20:43,7.948,,0.102,11.147,377.644,0.0154,ELKD5_1,1935,44° 55.858' N,110° 26.324' W,70,7/5/2019 11:00,91.618
7/4/2019 20:48,7.956,,0.102,11.12,343.298,0.0154,ELKD5_1,1935,44° 55.858' N,110° 26.324' W,70,7/5/2019 11:00,91.653
7/4/2019 20:53,7.966,,0.102,11.066,308.972,0.0154,ELKD5_1,1935,44° 55.858' N,110° 26.324' W,70,7/5/2019 11:00,91.652
7/4/2019 20:58,7.974,,0.102,11.003,291.809,0.0154,ELKD5_1,1935,44° 55.858' N,110° 26.324' W,70,7/5/2019 11:00,91.609
7/4/2019 21:03,7.973,,0.102,10.985,246.759,0.0154,ELKD5_1,1935,44° 55.858' N,110° 26.324' W,70,7/5/2019 11:00,91.559
7/4/2019 21:08,7.972,,0.102,10.967,227.443,0.0154,ELKD5_1,1935,44° 55.858' N,110° 26.324' W,70,7/5/2019 11:00,91.509
7/4/2019 21:13,7.998,,0.102,10.885,184.526,0.0154,ELKD5_1,1935,44° 55.858' N,110° 26.324' W,70,7/5/2019 11:00,91.631
7/4/2019 21:18,8.021,,0.102,10.768,175.935,0.0154,ELKD5_1,1935,44° 55.858' N,110° 26.324' W,70,7/5/2019 11:00,91.643
7/4/2019 21:23,8.009,,0.102,10.813,158.772,0.0154,ELKD5_1,1935,44° 55.858' N,110° 26.324' W,70,7/5/2019 11:00,91.603
7/4/2019 21:28,7.998,,0.102,10.822,145.895,0.0154,ELKD5_1,1935,44° 55.858' N,110° 26.324' W,70,7/5/2019 11:00,91.496
7/4/2019 21:33,8.03,,0.102,10.705,120.16,0.0154,ELKD5_1,1935,44° 55.858' N,110° 26.324' W,70,7/5/2019 11:00,91.61
7/4/2019 21:38,8.049,,0.102,10.623,87.967,0.0154,ELKD5_1,1935,44° 55.858' N,110° 26.324' W,70,7/5/2019 11:00,91.65
7/4/2019 21:43,8.047,,0.102,10.623,68.652,0.0154,ELKD5_1,1935,44° 55.858' N,110° 26.324' W,70,7/5/2019 11:00,91.627
7/4/2019 21:48,8.053,,0.102,10.596,55.794,0.0154,ELKD5_1,1935,44° 55.858' N,110° 26.324' W,70,7/5/2019 11:00,91.637
7/4/2019 21:53,8.062,,0.102,10.542,36.479,0.0154,ELKD5_1,1935,44° 55.858' N,110° 26.324' W,70,7/5/2019 11:00,91.623
7/4/2019 21:58,8.086,,0.102,10.451,27.887,0.0154,ELKD5_1,1935,44° 55.858' N,110° 26.324' W,70,7/5/2019 11:00,91.699
7/4/2019 22:03,8.097,,0.102,10.424,19.316,0.0154,ELKD5_1,1935,44° 55.858' N,110° 26.324' W,70,7/5/2019 11:00,91.765
7/4/2019 22:08,8.097,,0.102,10.397,12.877,0.0154,ELKD5_1,1935,44° 55.858' N,110° 26.324' W,70,7/5/2019 11:00,91.707
7/4/2019 22:13,8.094,,0.102,10.397,4.286,0.0154,ELKD5_1,1935,44° 55.858' N,110° 26.324' W,70,7/5/2019 11:00,91.673
7/4/2019 22:18,8.081,,0.102,10.388,2.153,0.0154,ELKD5_1,1935,44° 55.858' N,110° 26.324' W,70,7/5/2019 11:00,91.506
7/4/2019 22:23,8.102,,0.102,10.324,0,0.0154,ELKD5_1,1935,44° 55.858' N,110° 26.324' W,70,7/5/2019 11:00,91.605
7/4/2019 22:28,8.122,,0.102,10.233,0,0.0154,ELKD5_1,1935,44° 55.858' N,110° 26.324' W,70,7/5/2019 11:00,91.633
7/4/2019 22:33,8.13,,0.102,10.215,0,0.0154,ELKD5_1,1935,44° 55.858' N,110° 26.324' W,70,7/5/2019 11:00,91.685
7/4/2019 22:38,8.146,,0.102,10.115,0,0.0154,ELKD5_1,1935,44° 55.858' N,110° 26.324' W,70,7/5/2019 11:00,91.647
7/4/2019 22:43,8.147,,0.102,10.105,0,0.0154,ELKD5_1,1935,44° 55.858' N,110° 26.324' W,70,7/5/2019 11:00,91.637
7/4/2019 22:48,8.157,,0.102,10.069,0,0.0154,ELKD5_1,1935,44° 55.858' N,110° 26.324' W,70,7/5/2019 11:00,91.671
7/4/2019 22:53,8.151,,0.102,10.051,0,0.0154,ELKD5_1,1935,44° 55.858' N,110° 26.324' W,70,7/5/2019 11:00,91.564
7/4/2019 22:58,8.173,,0.102,9.978,0,0.0154,ELKD5_1,1935,44° 55.858' N,110° 26.324' W,70,7/5/2019 11:00,91.652
7/4/2019 23:03,8.167,,0.102,9.968,0,0.0154,ELKD5_1,1935,44° 55.858' N,110° 26.324' W,70,7/5/2019 11:00,91.563
7/4/2019 23:08,8.187,,0.102,9.895,0,0.0154,ELKD5_1,1935,44° 55.858' N,110° 26.324' W,70,7/5/2019 11:00,91.628
7/4/2019 23:13,8.199,,0.102,9.85,0,0.0154,ELKD5_1,1935,44° 55.858' N,110° 26.324' W,70,7/5/2019 11:00,91.664
7/4/2019 23:18,8.211,,0.102,9.804,0,0.0154,ELKD5_1,1935,44° 55.858' N,110° 26.324' W,70,7/5/2019 11:00,91.697
7/4/2019 23:23,8.217,,0.102,9.758,0,0.0154,ELKD5_1,1935,44° 55.858' N,110° 26.324' W,70,7/5/2019 11:00,91.663
7/4/2019 23:28,8.24,,0.102,9.694,0,0.0154,ELKD5_1,1935,44° 55.858' N,110° 26.324' W,70,7/5/2019 11:00,91.779
7/4/2019 23:33,8.243,,0.102,9.685,0,0.0154,ELKD5_1,1935,44° 55.858' N,110° 26.324' W,70,7/5/2019 11:00,91.793
7/4/2019 23:38,8.252,,0.102,9.611,0,0.0154,ELKD5_1,1935,44° 55.858' N,110° 26.324' W,70,7/5/2019 11:00,91.731
7/4/2019 23:43,8.262,,0.102,9.574,0,0.0154,ELKD5_1,1935,44° 55.858' N,110° 26.324' W,70,7/5/2019 11:00,91.76
7/4/2019 23:48,8.253,,0.102,9.602,0,0.0154,ELKD5_1,1935,44° 55.858' N,110° 26.324' W,70,7/5/2019 11:00,91.722
7/4/2019 23:53,8.264,,0.102,9.547,0,0.0154,ELKD5_1,1935,44° 55.858' N,110° 26.324' W,70,7/5/2019 11:00,91.723
7/4/2019 23:58,8.286,,0.102,9.473,0,0.0154,ELKD5_1,1935,44° 55.858' N,110° 26.324' W,70,7/5/2019 11:00,91.804
7/5/2019 0:03,8.289,,0.102,9.436,0,0.0154,ELKD5_1,1935,44° 55.858' N,110° 26.324' W,70,7/5/2019 11:00,91.756
7/5/2019 0:08,8.29,,0.102,9.455,0,0.0154,ELKD5_1,1935,44° 55.858' N,110° 26.324' W,70,7/5/2019 11:00,91.809
7/5/2019 0:13,8.28,,0.102,9.464,0,0.0154,ELKD5_1,1935,44° 55.858' N,110° 26.324' W,70,7/5/2019 11:00,91.718
7/5/2019 0:18,8.298,,0.102,9.427,0,0.0154,ELKD5_1,1935,44° 55.858' N,110° 26.324' W,70,7/5/2019 11:00,91.836
7/5/2019 0:23,8.299,,0.102,9.399,0,0.0154,ELKD5_1,1935,44° 55.858' N,110° 26.324' W,70,7/5/2019 11:00,91.785
7/5/2019 0:28,8.32,,0.102,9.316,0,0.0154,ELKD5_1,1935,44° 55.858' N,110° 26.324' W,70,7/5/2019 11:00,91.834
7/5/2019 0:33,8.324,,0.102,9.335,0,0.0154,ELKD5_1,1935,44° 55.858' N,110° 26.324' W,70,7/5/2019 11:00,91.92
7/5/2019 0:38,8.306,,0.102,9.353,0,0.0154,ELKD5_1,1935,44° 55.858' N,110° 26.324' W,70,7/5/2019 11:00,91.761
7/5/2019 0:43,8.314,,0.102,9.326,0,0.0154,ELKD5_1,1935,44° 55.858' N,110° 26.324' W,70,7/5/2019 11:00,91.79
7/5/2019 0:48,8.313,,0.102,9.316,0,0.0154,ELKD5_1,1935,44° 55.858' N,110° 26.324' W,70,7/5/2019 11:00,91.756
7/5/2019 0:53,8.329,,0.102,9.27,0,0.0154,ELKD5_1,1935,44° 55.858' N,110° 26.324' W,70,7/5/2019 11:00,91.831
7/5/2019 0:58,8.331,,0.102,9.252,0,0.0154,ELKD5_1,1935,44° 55.858' N,110° 26.324' W,70,7/5/2019 11:00,91.813
7/5/2019 1:03,8.328,,0.102,9.261,0,0.0154,ELKD5_1,1935,44° 55.858' N,110° 26.324' W,70,7/5/2019 11:00,91.8
7/5/2019 1:08,8.333,,0.102,9.233,0,0.0154,ELKD5_1,1935,44° 55.858' N,110° 26.324' W,70,7/5/2019 11:00,91.793
7/5/2019 1:13,8.352,,0.102,9.178,0,0.0154,ELKD5_1,1935,44° 55.858' N,110° 26.324' W,70,7/5/2019 11:00,91.881
7/5/2019 1:18,8.361,,0.102,9.131,0,0.0154,ELKD5_1,1935,44° 55.858' N,110° 26.324' W,70,7/5/2019 11:00,91.875
7/5/2019 1:23,8.367,,0.102,9.113,0,0.0154,ELKD5_1,1935,44° 55.858' N,110° 26.324' W,70,7/5/2019 11:00,91.901
7/5/2019 1:28,8.341,,0.102,9.168,0,0.0154,ELKD5_1,1935,44° 55.858' N,110° 26.324' W,70,7/5/2019 11:00,91.738
7/5/2019 1:33,8.341,,0.102,9.168,0,0.0154,ELKD5_1,1935,44° 55.858' N,110° 26.324' W,70,7/5/2019 11:00,91.738
7/5/2019 1:38,8.359,,0.102,9.104,0,0.0154,ELKD5_1,1935,44° 55.858' N,110° 26.324' W,70,7/5/2019 11:00,91.794
7/5/2019 1:43,8.36,,0.102,9.085,0,0.0154,ELKD5_1,1935,44° 55.858' N,110° 26.324' W,70,7/5/2019 11:00,91.762
7/5/2019 1:48,8.376,,0.102,9.067,0,0.0154,ELKD5_1,1935,44° 55.858' N,110° 26.324' W,70,7/5/2019 11:00,91.898
7/5/2019 1:53,8.358,,0.102,9.067,0,0.0154,ELKD5_1,1935,44° 55.858' N,110° 26.324' W,70,7/5/2019 11:00,91.701
7/5/2019 1:58,8.388,,0.102,9.002,0,0.0154,ELKD5_1,1935,44° 55.858' N,110° 26.324' W,70,7/5/2019 11:00,91.885
7/5/2019 2:03,8.384,,0.102,9.029,0,0.0154,ELKD5_1,1935,44° 55.858' N,110° 26.324' W,70,7/5/2019 11:00,91.901
7/5/2019 2:08,8.379,,0.102,9.029,0,0.0154,ELKD5_1,1935,44° 55.858' N,110° 26.324' W,70,7/5/2019 11:00,91.847
7/5/2019 2:13,8.381,,0.102,9.02,0,0.0154,ELKD5_1,1935,44° 55.858' N,110° 26.324' W,70,7/5/2019 11:00,91.848
7/5/2019 2:18,8.381,,0.102,9.011,0,0.0154,ELKD5_1,1935,44° 55.858' N,110° 26.324' W,70,7/5/2019 11:00,91.828
7/5/2019 2:23,8.4,,0.102,8.964,0,0.0154,ELKD5_1,1935,44° 55.858' N,110° 26.324' W,70,7/5/2019 11:00,91.932
7/5/2019 2:28,8.393,,0.102,8.983,0,0.0154,ELKD5_1,1935,44° 55.858' N,110° 26.324' W,70,7/5/2019 11:00,91.898
7/5/2019 2:33,8.397,,0.102,8.955,0,0.0154,ELKD5_1,1935,44° 55.858' N,110° 26.324' W,70,7/5/2019 11:00,91.879
7/5/2019 2:38,8.383,,0.102,8.992,0,0.0154,ELKD5_1,1935,44° 55.858' N,110° 26.324' W,70,7/5/2019 11:00,91.808
7/5/2019 2:43,8.396,,0.102,8.964,0,0.0154,ELKD5_1,1935,44° 55.858' N,110° 26.324' W,70,7/5/2019 11:00,91.888
7/5/2019 2:48,8.392,,0.102,8.974,0,0.0154,ELKD5_1,1935,44° 55.858' N,110° 26.324' W,70,7/5/2019 11:00,91.867
7/5/2019 2:53,8.413,,0.102,8.918,0,0.0154,ELKD5_1,1935,44° 55.858' N,110° 26.324' W,70,7/5/2019 11:00,91.972
7/5/2019 2:58,8.392,,0.102,8.964,0,0.0154,ELKD5_1,1935,44° 55.858' N,110° 26.324' W,70,7/5/2019 11:00,91.844
7/5/2019 3:03,8.387,,0.102,8.983,0,0.0154,ELKD5_1,1935,44° 55.858' N,110° 26.324' W,70,7/5/2019 11:00,91.832
7/5/2019 3:08,8.403,,0.102,8.955,0,0.0154,ELKD5_1,1935,44° 55.858' N,110° 26.324' W,70,7/5/2019 11:00,91.945
7/5/2019 3:13,8.411,,0.102,8.918,0,0.0154,ELKD5_1,1935,44° 55.858' N,110° 26.324' W,70,7/5/2019 11:00,91.95
7/5/2019 3:18,8.397,,0.102,8.964,0,0.0154,ELKD5_1,1935,44° 55.858' N,110° 26.324' W,70,7/5/2019 11:00,91.899
7/5/2019 3:23,8.408,,0.102,8.927,0,0.0154,ELKD5_1,1935,44° 55.858' N,110° 26.324' W,70,7/5/2019 11:00,91.937
7/5/2019 3:28,8.426,,0.102,8.862,0,0.0154,ELKD5_1,1935,44° 55.858' N,110° 26.324' W,70,7/5/2019 11:00,91.989
7/5/2019 3:33,8.41,,0.102,8.918,0,0.0154,ELKD5_1,1935,44° 55.858' N,110° 26.324' W,70,7/5/2019 11:00,91.939
7/5/2019 3:38,8.425,,0.102,8.862,0,0.0154,ELKD5_1,1935,44° 55.858' N,110° 26.324' W,70,7/5/2019 11:00,91.978
7/5/2019 3:43,8.432,,0.102,8.862,0,0.0154,ELKD5_1,1935,44° 55.858' N,110° 26.324' W,70,7/5/2019 11:00,92.054
7/5/2019 3:48,8.421,,0.102,8.89,0,0.0154,ELKD5_1,1935,44° 55.858' N,110° 26.324' W,70,7/5/2019 11:00,91.997
7/5/2019 3:53,8.422,,0.102,8.872,0,0.0154,ELKD5_1,1935,44° 55.858' N,110° 26.324' W,70,7/5/2019 11:00,91.967
7/5/2019 3:58,8.409,,0.102,8.89,0,0.0154,ELKD5_1,1935,44° 55.858' N,110° 26.324' W,70,7/5/2019 11:00,91.866
7/5/2019 4:03,8.43,,0.102,8.816,0,0.0154,ELKD5_1,1935,44° 55.858' N,110° 26.324' W,70,7/5/2019 11:00,91.93
7/5/2019 4:08,8.419,,0.102,8.825,0,0.0154,ELKD5_1,1935,44° 55.858' N,110° 26.324' W,70,7/5/2019 11:00,91.83
7/5/2019 4:13,8.438,,0.102,8.788,0,0.0154,ELKD5_1,1935,44° 55.858' N,110° 26.324' W,70,7/5/2019 11:00,91.954
7/5/2019 4:18,8.426,,0.102,8.816,0,0.0154,ELKD5_1,1935,44° 55.858' N,110° 26.324' W,70,7/5/2019 11:00,91.886
7/5/2019 4:23,8.403,,0.102,8.881,0,0.0154,ELKD5_1,1935,44° 55.858' N,110° 26.324' W,70,7/5/2019 11:00,91.78
7/5/2019 4:28,8.427,,0.102,8.844,0,0.0154,ELKD5_1,1935,44° 55.858' N,110° 26.324' W,70,7/5/2019 11:00,91.959
7/5/2019 4:33,8.442,,0.102,8.779,0,0.0154,ELKD5_1,1935,44° 55.858' N,110° 26.324' W,70,7/5/2019 11:00,91.978
7/5/2019 4:38,8.455,,0.102,8.76,0,0.0154,ELKD5_1,1935,44° 55.858' N,110° 26.324' W,70,7/5/2019 11:00,92.077
7/5/2019 4:43,8.432,,0.102,8.788,0,0.0154,ELKD5_1,1935,44° 55.858' N,110° 26.324' W,70,7/5/2019 11:00,91.889
7/5/2019 4:48,8.468,,0.102,8.713,0,0.0154,ELKD5_1,1935,44° 55.858' N,110° 26.324' W,70,7/5/2019 11:00,92.113
7/5/2019 4:53,8.437,,0.102,8.788,0,0.0154,ELKD5_1,1935,44° 55.858' N,110° 26.324' W,70,7/5/2019 11:00,91.943
7/5/2019 4:58,8.468,,0.102,8.713,0,0.0154,ELKD5_1,1935,44° 55.858' N,110° 26.324' W,70,7/5/2019 11:00,92.113
7/5/2019 5:03,8.439,,0.102,8.779,0,0.0154,ELKD5_1,1935,44° 55.858' N,110° 26.324' W,70,7/5/2019 11:00,91.945
7/5/2019 5:08,8.457,,0.102,8.723,0,0.0154,ELKD5_1,1935,44° 55.858' N,110° 26.324' W,70,7/5/2019 11:00,92.016
7/5/2019 5:13,8.448,,0.102,8.741,0,0.0154,ELKD5_1,1935,44° 55.858' N,110° 26.324' W,70,7/5/2019 11:00,91.958
7/5/2019 5:18,8.454,,0.102,8.704,0,0.0154,ELKD5_1,1935,44° 55.858' N,110° 26.324' W,70,7/5/2019 11:00,91.941
7/5/2019 5:23,8.46,,0.102,8.713,0,0.0154,ELKD5_1,1935,44° 55.858' N,110° 26.324' W,70,7/5/2019 11:00,92.026
7/5/2019 5:28,8.459,,0.102,8.685,0,0.0154,ELKD5_1,1935,44° 55.858' N,110° 26.324' W,70,7/5/2019 11:00,91.953
7/5/2019 5:33,8.464,,0.102,8.667,0,0.0154,ELKD5_1,1935,44° 55.858' N,110° 26.324' W,70,7/5/2019 11:00,91.967
7/5/2019 5:38,8.461,,0.102,8.657,0,0.0154,ELKD5_1,1935,44° 55.858' N,110° 26.324' W,70,7/5/2019 11:00,91.912
7/5/2019 5:43,8.484,,0.102,8.62,0,0.0154,ELKD5_1,1935,44° 55.858' N,110° 26.324' W,70,7/5/2019 11:00,92.078
7/5/2019 5:48,8.468,,0.102,8.657,0,0.0154,ELKD5_1,1935,44° 55.858' N,110° 26.324' W,70,7/5/2019 11:00,91.988
7/5/2019 5:53,8.486,,0.102,8.601,0,0.0154,ELKD5_1,1935,44° 55.858' N,110° 26.324' W,70,7/5/2019 11:00,92.058
7/5/2019 5:58,8.499,,0.102,8.583,0,0.0154,ELKD5_1,1935,44° 55.858' N,110° 26.324' W,70,7/5/2019 11:00,92.158
7/5/2019 6:03,8.489,,0.102,8.601,0,0.0154,ELKD5_1,1935,44° 55.858' N,110° 26.324' W,70,7/5/2019 11:00,92.09
7/5/2019 6:08,8.487,,0.102,8.611,0,0.0154,ELKD5_1,1935,44° 55.858' N,110° 26.324' W,70,7/5/2019 11:00,92.091
7/5/2019 6:13,8.48,,0.102,8.639,0,0.0154,ELKD5_1,1935,44° 55.858' N,110° 26.324' W,70,7/5/2019 11:00,92.078
7/5/2019 6:18,8.484,,0.102,8.62,0,0.0154,ELKD5_1,1935,44° 55.858' N,110° 26.324' W,70,7/5/2019 11:00,92.078
7/5/2019 6:23,8.492,,0.102,8.611,0,0.0154,ELKD5_1,1935,44° 55.858' N,110° 26.324' W,70,7/5/2019 11:00,92.145
7/5/2019 6:28,8.507,,0.102,8.564,0,0.0154,ELKD5_1,1935,44° 55.858' N,110° 26.324' W,70,7/5/2019 11:00,92.202
7/5/2019 6:33,8.503,,0.102,8.592,0,0.0154,ELKD5_1,1935,44° 55.858' N,110° 26.324' W,70,7/5/2019 11:00,92.222
7/5/2019 6:38,8.523,,0.102,8.536,0,0.0154,ELKD5_1,1935,44° 55.858' N,110° 26.324' W,70,7/5/2019 11:00,92.312
7/5/2019 6:43,8.51,,0.102,8.583,2.153,0.0154,ELKD5_1,1935,44° 55.858' N,110° 26.324' W,70,7/5/2019 11:00,92.277
7/5/2019 6:48,8.517,,0.102,8.564,4.286,0.0154,ELKD5_1,1935,44° 55.858' N,110° 26.324' W,70,7/5/2019 11:00,92.311
7/5/2019 6:53,8.505,,0.102,8.601,10.724,0.0154,ELKD5_1,1935,44° 55.858' N,110° 26.324' W,70,7/5/2019 11:00,92.264
7/5/2019 6:58,8.517,,0.102,8.592,17.163,0.0154,ELKD5_1,1935,44° 55.858' N,110° 26.324' W,70,7/5/2019 11:00,92.374
7/5/2019 7:03,8.501,,0.102,8.611,23.601,0.0154,ELKD5_1,1935,44° 55.858' N,110° 26.324' W,70,7/5/2019 11:00,92.243
7/5/2019 7:08,8.529,,0.102,8.564,40.764,0.0154,ELKD5_1,1935,44° 55.858' N,110° 26.324' W,70,7/5/2019 11:00,92.441
7/5/2019 7:13,8.488,,0.102,8.629,51.489,0.0154,ELKD5_1,1935,44° 55.858' N,110° 26.324' W,70,7/5/2019 11:00,92.142
7/5/2019 7:18,8.517,,0.102,8.592,47.203,0.0154,ELKD5_1,1935,44° 55.858' N,110° 26.324' W,70,7/5/2019 11:00,92.374
7/5/2019 7:23,8.502,,0.102,8.648,53.642,0.0154,ELKD5_1,1935,44° 55.858' N,110° 26.324' W,70,7/5/2019 11:00,92.337
7/5/2019 7:28,8.542,,0.102,8.555,66.519,0.0154,ELKD5_1,1935,44° 55.858' N,110° 26.324' W,70,7/5/2019 11:00,92.561
7/5/2019 7:33,8.545,,0.102,8.536,85.834,0.0154,ELKD5_1,1935,44° 55.858' N,110° 26.324' W,70,7/5/2019 11:00,92.551
7/5/2019 7:38,8.513,,0.102,8.62,98.692,0.0154,ELKD5_1,1935,44° 55.858' N,110° 26.324' W,70,7/5/2019 11:00,92.393
7/5/2019 7:43,8.535,,0.102,8.611,126.599,0.0154,ELKD5_1,1935,44° 55.858' N,110° 26.324' W,70,7/5/2019 11:00,92.612
7/5/2019 7:48,8.538,,0.102,8.611,160.925,0.0154,ELKD5_1,1935,44° 55.858' N,110° 26.324' W,70,7/5/2019 11:00,92.644
7/5/2019 7:53,8.54,,0.102,8.601,188.812,0.0154,ELKD5_1,1935,44° 55.858' N,110° 26.324' W,70,7/5/2019 11:00,92.643
7/5/2019 7:58,8.526,,0.102,8.657,216.719,0.0154,ELKD5_1,1935,44° 55.858' N,110° 26.324' W,70,7/5/2019 11:00,92.618
7/5/2019 8:03,8.528,,0.102,8.667,251.045,0.0154,ELKD5_1,1935,44° 55.858' N,110° 26.324' W,70,7/5/2019 11:00,92.662
7/5/2019 8:08,8.528,,0.102,8.676,173.802,0.0154,ELKD5_1,1935,44° 55.858' N,110° 26.324' W,70,7/5/2019 11:00,92.682
7/5/2019 8:13,8.531,,0.102,8.676,186.679,0.0154,ELKD5_1,1935,44° 55.858' N,110° 26.324' W,70,7/5/2019 11:00,92.715
7/5/2019 8:18,8.544,,0.102,8.639,291.809,0.0154,ELKD5_1,1935,44° 55.858' N,110° 26.324' W,70,7/5/2019 11:00,92.773
7/5/2019 8:23,8.579,,0.102,8.648,429.132,0.0154,ELKD5_1,1935,44° 55.858' N,110° 26.324' W,70,7/5/2019 11:00,93.173
7/5/2019 8:28,8.535,,0.102,8.667,394.807,0.0154,ELKD5_1,1935,44° 55.858' N,110° 26.324' W,70,7/5/2019 11:00,92.738
7/5/2019 8:33,8.534,,0.102,8.723,549.293,0.0154,ELKD5_1,1935,44° 55.858' N,110° 26.324' W,70,7/5/2019 11:00,92.854
7/5/2019 8:38,8.531,,0.102,8.76,652.27,0.0154,ELKD5_1,1935,44° 55.858' N,110° 26.324' W,70,7/5/2019 11:00,92.905
7/5/2019 8:43,8.509,,0.102,8.834,1441.883,0.0154,ELKD5_1,1935,44° 55.858' N,110° 26.324' W,70,7/5/2019 11:00,92.832
7/5/2019 8:48,8.527,,0.102,8.806,1304.56,0.0154,ELKD5_1,1935,44° 55.858' N,110° 26.324' W,70,7/5/2019 11:00,92.965
7/5/2019 8:53,8.492,,0.102,8.881,1716.53,0.0154,ELKD5_1,1935,44° 55.858' N,110° 26.324' W,70,7/5/2019 11:00,92.752
7/5/2019 8:58,8.503,,0.102,8.853,1647.858,0.0154,ELKD5_1,1935,44° 55.858' N,110° 26.324' W,70,7/5/2019 11:00,92.809
7/5/2019 9:03,8.483,,0.102,8.918,1922.504,0.0154,ELKD5_1,1935,44° 55.858' N,110° 26.324' W,70,7/5/2019 11:00,92.737
7/5/2019 9:08,8.5,,0.102,8.909,2471.797,0.0154,ELKD5_1,1935,44° 55.858' N,110° 26.324' W,70,7/5/2019 11:00,92.902
7/5/2019 9:13,8.47,,0.102,9.039,1098.565,0.0154,ELKD5_1,1935,44° 55.858' N,110° 26.324' W,70,7/5/2019 11:00,92.866
7/5/2019 9:18,8.472,,0.102,9.039,1441.883,0.0154,ELKD5_1,1935,44° 55.858' N,110° 26.324' W,70,7/5/2019 11:00,92.888
7/5/2019 9:23,8.474,,0.102,9.076,8788.603,0.0154,ELKD5_1,1935,44° 55.858' N,110° 26.324' W,70,7/5/2019 11:00,92.994
7/5/2019 9:28,8.452,,0.102,9.15,892.591,0.0154,ELKD5_1,1935,44° 55.858' N,110° 26.324' W,70,7/5/2019 11:00,92.918
7/5/2019 9:33,8.443,,0.102,9.215,1235.889,0.0154,ELKD5_1,1935,44° 55.858' N,110° 26.324' W,70,7/5/2019 11:00,92.965
7/5/2019 9:38,8.428,,0.102,9.289,1510.535,0.0154,ELKD5_1,1935,44° 55.858' N,110° 26.324' W,70,7/5/2019 11:00,92.965
7/5/2019 9:43,8.419,,0.102,9.316,3295.716,0.0154,ELKD5_1,1935,44° 55.858' N,110° 26.324' W,70,7/5/2019 11:00,92.926
7/5/2019 9:48,8.395,,0.102,9.473,3707.685,0.0154,ELKD5_1,1935,44° 55.858' N,110° 26.324' W,70,7/5/2019 11:00,93.012
7/5/2019 9:53,8.408,,0.102,9.501,1647.858,0.0154,ELKD5_1,1935,44° 55.858' N,110° 26.324' W,70,7/5/2019 11:00,93.219
7/5/2019 9:58,8.38,,0.102,9.611,1064.24,0.0154,ELKD5_1,1935,44° 55.858' N,110° 26.324' W,70,7/5/2019 11:00,93.154
7/5/2019 10:03,8.375,,0.102,9.685,583.618,0.0154,ELKD5_1,1935,44° 55.858' N,110° 26.324' W,70,7/5/2019 11:00,93.263
7/5/2019 10:08,8.336,,0.102,9.795,652.27,0.0154,ELKD5_1,1935,44° 55.858' N,110° 26.324' W,70,7/5/2019 11:00,93.073
7/5/2019 10:13,8.328,,0.102,9.831,583.618,0.0154,ELKD5_1,1935,44° 55.858' N,110° 26.324' W,70,7/5/2019 11:00,93.064
7/5/2019 10:18,8.336,,0.102,9.84,617.944,0.0154,ELKD5_1,1935,44° 55.858' N,110° 26.324' W,70,7/5/2019 11:00,93.173
7/5/2019 10:23,8.313,,0.102,9.941,926.916,0.0154,ELKD5_1,1935,44° 55.858' N,110° 26.324' W,70,7/5/2019 11:00,93.14
7/5/2019 10:28,8.298,,0.102,10.051,1235.889,0.0154,ELKD5_1,1935,44° 55.858' N,110° 26.324' W,70,7/5/2019 11:00,93.216
7/5/2019 10:33,8.266,,0.102,10.151,1510.535,0.0154,ELKD5_1,1935,44° 55.858' N,110° 26.324' W,70,7/5/2019 11:00,93.077
7/5/2019 10:38,8.28,,0.102,10.087,755.267,0.0154,ELKD5_1,1935,44° 55.858' N,110° 26.324' W,70,7/5/2019 11:00,93.093
7/5/2019 10:43,8.278,,0.102,10.133,755.267,0.0154,ELKD5_1,1935,44° 55.858' N,110° 26.324' W,70,7/5/2019 11:00,93.172
7/5/2019 10:48,8.248,,0.102,10.269,4394.301,0.0154,ELKD5_1,1935,44° 55.858' N,110° 26.324' W,70,7/5/2019 11:00,93.134
7/5/2019 10:53,8.226,,0.102,10.351,9337.895,0.0154,ELKD5_1,1935,44° 55.858' N,110° 26.324' W,70,7/5/2019 11:00,93.066
7/5/2019 10:58,8.209,,0.102,10.487,8788.603,0.0154,ELKD5_1,1935,44° 55.858' N,110° 26.324' W,70,7/5/2019 11:00,93.173
7/5/2019 11:03,8.193,,0.102,10.551,11535.026,0.0154,ELKD5_1,1935,44° 55.858' N,110° 26.324' W,70,7/5/2019 11:00,93.132
7/5/2019 11:08,8.215,,0.102,10.542,17027.912,0.0154,ELKD5_1,1935,44° 55.858' N,110° 26.324' W,70,7/5/2019 11:00,93.362
7/5/2019 11:13,8.165,,0.102,10.741,41745.842,0.0154,ELKD5_1,1935,44° 55.858' N,110° 26.324' W,70,7/5/2019 11:00,93.229
7/5/2019 11:18,8.154,,0.102,10.777,2471.797,0.0154,ELKD5_1,1935,44° 55.858' N,110° 26.324' W,70,7/5/2019 11:00,93.182
7/5/2019 11:23,8.148,,0.102,10.84,1853.853,0.0154,ELKD5_1,1935,44° 55.858' N,110° 26.324' W,70,7/5/2019 11:00,93.252
7/5/2019 11:28,8.14,,0.102,10.922,18675.77,0.0154,ELKD5_1,1935,44° 55.858' N,110° 26.324' W,70,7/5/2019 11:00,93.339
7/5/2019 11:33,8.148,,0.102,10.949,8513.956,0.0154,ELKD5_1,1935,44° 55.858' N,110° 26.324' W,70,7/5/2019 11:00,93.49
7/5/2019 11:38,8.115,,0.102,11.102,3845.009,0.0154,ELKD5_1,1935,44° 55.858' N,110° 26.324' W,70,7/5/2019 11:00,93.445
7/5/2019 11:43,8.075,,0.102,11.227,1716.53,0.0154,ELKD5_1,1935,44° 55.858' N,110° 26.324' W,70,7/5/2019 11:00,93.256
7/5/2019 11:48,8.056,,0.102,11.344,1304.56,0.0154,ELKD5_1,1935,44° 55.858' N,110° 26.324' W,70,7/5/2019 11:00,93.29
7/5/2019 11:53,8.041,,0.102,11.469,720.942,0.0154,ELKD5_1,1935,44° 55.858' N,110° 26.324' W,70,7/5/2019 11:00,93.387
7/5/2019 11:58,8.027,,0.102,11.514,1647.858,0.0154,ELKD5_1,1935,44° 55.858' N,110° 26.324' W,70,7/5/2019 11:00,93.322
7/5/2019 12:03,8.013,,0.102,11.568,2883.766,0.0154,ELKD5_1,1935,44° 55.858' N,110° 26.324' W,70,7/5/2019 11:00,93.276
7/5/2019 12:08,8.004,,0.102,11.657,858.265,0.0154,ELKD5_1,1935,44° 55.858' N,110° 26.324' W,70,7/5/2019 11:00,93.363
7/5/2019 12:13,7.986,,0.102,11.764,926.916,0.0154,ELKD5_1,1935,44° 55.858' N,110° 26.324' W,70,7/5/2019 11:00,93.384
7/5/2019 12:18,7.964,,0.102,11.898,789.593,0.0154,ELKD5_1,1935,44° 55.858' N,110° 26.324' W,70,7/5/2019 11:00,93.415
7/5/2019 12:23,7.963,,0.102,11.933,823.939,0.0154,ELKD5_1,1935,44° 55.858' N,110° 26.324' W,70,7/5/2019 11:00,93.478
7/5/2019 12:28,7.944,,0.102,12.004,720.942,0.0154,ELKD5_1,1935,44° 55.858' N,110° 26.324' W,70,7/5/2019 11:00,93.408
7/5/2019 12:33,7.92,,0.102,12.102,995.588,0.0154,ELKD5_1,1935,44° 55.858' N,110° 26.324' W,70,7/5/2019 11:00,93.335
7/5/2019 12:38,7.915,,0.102,12.093,1716.53,0.0154,ELKD5_1,1935,44° 55.858' N,110° 26.324' W,70,7/5/2019 11:00,93.257
7/5/2019 12:43,7.916,,0.102,12.093,2128.479,0.0154,ELKD5_1,1935,44° 55.858' N,110° 26.324' W,70,7/5/2019 11:00,93.269
7/5/2019 12:48,7.911,,0.102,12.12,720.942,0.0154,ELKD5_1,1935,44° 55.858' N,110° 26.324' W,70,7/5/2019 11:00,93.268
7/5/2019 12:53,7.892,,0.102,12.191,1064.24,0.0154,ELKD5_1,1935,44° 55.858' N,110° 26.324' W,70,7/5/2019 11:00,93.195
7/5/2019 12:58,7.915,,0.102,12.182,995.588,0.0154,ELKD5_1,1935,44° 55.858' N,110° 26.324' W,70,7/5/2019 11:00,93.448
7/5/2019 13:03,7.897,,0.102,12.324,1647.858,0.0154,ELKD5_1,1935,44° 55.858' N,110° 26.324' W,70,7/5/2019 11:00,93.539
7/5/2019 13:08,7.863,,0.102,12.421,1235.889,0.0154,ELKD5_1,1935,44° 55.858' N,110° 26.324' W,70,7/5/2019 11:00,93.343
7/5/2019 13:13,7.875,,0.102,12.456,1304.56,0.0154,ELKD5_1,1935,44° 55.858' N,110° 26.324' W,70,7/5/2019 11:00,93.56
7/5/2019 13:18,7.858,,0.102,12.536,2609.12,0.0154,ELKD5_1,1935,44° 55.858' N,110° 26.324' W,70,7/5/2019 11:00,93.528
7/5/2019 13:23,7.842,,0.102,12.624,1922.504,0.0154,ELKD5_1,1935,44° 55.858' N,110° 26.324' W,70,7/5/2019 11:00,93.525
7/5/2019 13:28,7.836,,0.102,12.642,1853.853,0.0154,ELKD5_1,1935,44° 55.858' N,110° 26.324' W,70,7/5/2019 11:00,93.492
7/5/2019 13:33,7.798,,0.102,12.704,1510.535,0.0154,ELKD5_1,1935,44° 55.858' N,110° 26.324' W,70,7/5/2019 11:00,93.17
7/5/2019 13:38,7.814,,0.102,12.615,1647.858,0.0154,ELKD5_1,1935,44° 55.858' N,110° 26.324' W,70,7/5/2019 11:00,93.172
7/5/2019 13:43,7.819,,0.102,12.562,1853.853,0.0154,ELKD5_1,1935,44° 55.858' N,110° 26.324' W,70,7/5/2019 11:00,93.119
7/5/2019 13:48,7.861,,0.102,13.458,1716.53,0.0154,ELKD5_1,1935,44° 55.858' N,110° 26.324' W,70,7/5/2019 11:00,95.535
7/5/2019 13:53,7.201,,0.102,15.944,1647.858,0.0154,ELKD5_1,1935,44° 55.858' N,110° 26.324' W,70,7/5/2019 11:00,92.432
7/5/2019 13:58,6.954,,0.102,17.55,1647.858,0.0154,ELKD5_1,1935,44° 55.858' N,110° 26.324' W,70,7/5/2019 11:00,92.365
